001,FFT__a
25,/home/upload/data/4thWard2005A.jpg
24,/home/upload/data/4thWard2005B.jpg
23,/home/upload/data/4thWard2005C.jpg
22,/home/upload/data/4thWard2005D.jpg
21,/home/upload/data/4thWard2005E.jpg
20,/home/upload/data/4thWard2005F.jpg
19,/home/upload/data/4thWard2005G.jpg
18,/home/upload/data/4thWard2005H.jpg
17,/home/upload/data/4thWard2005I.jpg
1703,/home/upload/data/AA_2004_05_0039_00.jpg
1704,/home/upload/data/AA_2004_05_0040_01.jpg
1705,/home/upload/data/AA_2004_05_0042_03.jpg
1706,/home/upload/data/AA_2004_05_0043_04.jpg
1707,/home/upload/data/AA_2004_05_0044_05.jpg
1708,/home/upload/data/AA_2004_05_0045_06.jpg
1709,/home/upload/data/AA_2004_05_0046_07.jpg
1710,/home/upload/data/AA_2004_05_0047_08.jpg
1711,/home/upload/data/AA_2004_05_0049_10.jpg
1712,/home/upload/data/AA_2004_05_0050_11.jpg
1713,/home/upload/data/AA_2004_05_0051_12.jpg
1714,/home/upload/data/AA_2004_05_0052_13.jpg
1715,/home/upload/data/AA_2004_05_0053_15.jpg
1716,/home/upload/data/AA_2004_05_0054_16.jpg
1717,/home/upload/data/AA_2004_05_0055_18.jpg
1718,/home/upload/data/AA_2004_05_0056_19.jpg
1719,/home/upload/data/AA_2004_05_0057_20.jpg
1720,/home/upload/data/AA_2004_05_0058_21.jpg
1721,/home/upload/data/AA_2004_05_0059_22.jpg
1722,/home/upload/data/AA_2004_05_0060_23.jpg
1723,/home/upload/data/AA_2004_05_0061_24.jpg
1724,/home/upload/data/AA_2004_05_0062_25.jpg
1725,/home/upload/data/AA_2004_05_0063_26.jpg
1726,/home/upload/data/AA_2004_05_0064_27.jpg
1727,/home/upload/data/AA_2004_05_0065_28.jpg
1728,/home/upload/data/AA_2004_05_0066_29.jpg
1729,/home/upload/data/AA_2004_05_0067_30.jpg
1730,/home/upload/data/AA_2004_05_0068_31.jpg
1731,/home/upload/data/AA_2004_05_0069_32.jpg
1732,/home/upload/data/AA_2004_05_0073_35.jpg
1733,/home/upload/data/AA_2004_05_0124_01.jpg
1734,/home/upload/data/AA_2004_05_0125_02.jpg
1735,/home/upload/data/AA_2004_05_0127_04.jpg
1736,/home/upload/data/AA_2004_05_0128_05.jpg
1737,/home/upload/data/AA_2004_05_0129_06.jpg
1738,/home/upload/data/AA_2004_05_0130_07.jpg
1739,/home/upload/data/AA_2004_05_0131_08.jpg
1740,/home/upload/data/AA_2004_05_0132_09.jpg
1741,/home/upload/data/AA_2004_05_0133_10.jpg
1742,/home/upload/data/AA_2004_05_0134_11.jpg
1743,/home/upload/data/AA_2004_05_0135_12.jpg
1744,/home/upload/data/AA_2004_05_0136_13.jpg
1745,/home/upload/data/AA_2004_05_0137_14.jpg
1746,/home/upload/data/AA_2004_05_0222_01.jpg
1747,/home/upload/data/AA_2004_05_0223_02.jpg
1748,/home/upload/data/AA_2004_05_0224_03.jpg
1749,/home/upload/data/AA_2004_05_0225_04.jpg
1750,/home/upload/data/AA_2004_05_0226_05.jpg
1751,/home/upload/data/AA_2004_05_0227_06.jpg
1752,/home/upload/data/AA_2004_05_0228_07.jpg
1653,/home/upload/data/AA_2004_05_0229_08.jpg
1654,/home/upload/data/AA_2004_05_0230_09.jpg
1655,/home/upload/data/AA_2004_05_0231_10.jpg
1656,/home/upload/data/AA_2004_05_0232_11.jpg
1657,/home/upload/data/AA_2004_05_0233_12.jpg
1658,/home/upload/data/AA_2004_05_0234_13.jpg
1659,/home/upload/data/AA_2004_05_0235_14.jpg
1660,/home/upload/data/AA_2004_05_0236_15.jpg
1661,/home/upload/data/AA_2004_05_0237_16.jpg
1662,/home/upload/data/AA_2004_05_0238_17.jpg
1663,/home/upload/data/AA_2004_05_0239_18.jpg
1664,/home/upload/data/AA_2004_05_0240_19.jpg
1665,/home/upload/data/AA_2004_05_0241_20.jpg
1666,/home/upload/data/AA_2004_05_0242_21.jpg
1667,/home/upload/data/AA_2004_05_0243_22.jpg
1668,/home/upload/data/AA_2004_05_0244_23.jpg
1669,/home/upload/data/AA_2004_05_0245_24.jpg
1670,/home/upload/data/AA_2004_05_0245_24_0.jpg
1671,/home/upload/data/AA_2004_05_0248_27.jpg
1672,/home/upload/data/AA_2004_05_0249_28.jpg
1673,/home/upload/data/AA_2004_05_0250_29.jpg
1674,/home/upload/data/AA_2004_05_0251_01.jpg
1675,/home/upload/data/AA_2004_05_0252_02.jpg
1676,/home/upload/data/AA_2004_05_0253_03.jpg
1677,/home/upload/data/AA_2004_05_0254_04.jpg
1678,/home/upload/data/AA_2004_05_0255_05.jpg
1679,/home/upload/data/AA_2004_05_0256_06.jpg
1680,/home/upload/data/AA_2004_05_0257_07.jpg
1681,/home/upload/data/AA_2004_05_0258_08.jpg
1682,/home/upload/data/AA_2004_05_0259_09.jpg
1683,/home/upload/data/AA_2004_05_0260_10.jpg
1684,/home/upload/data/AA_2004_05_0261_11.jpg
1685,/home/upload/data/AA_2004_05_0262_12.jpg
1686,/home/upload/data/AA_2004_05_0263_13.jpg
1687,/home/upload/data/AA_2004_05_0265_15.jpg
1688,/home/upload/data/AA_2004_05_0265_15_0.jpg
1689,/home/upload/data/AA_2004_05_0266_16.jpg
1690,/home/upload/data/AA_2004_05_0267_17.jpg
1691,/home/upload/data/AA_2004_05_0268_18.jpg
1692,/home/upload/data/AA_2004_05_0269_19.jpg
1693,/home/upload/data/AA_2004_05_0270_20.jpg
1694,/home/upload/data/AA_2004_05_0271_21.jpg
1695,/home/upload/data/AA_2004_05_0406_01.jpg
1696,/home/upload/data/AA_2004_05_0407_02.jpg
1697,/home/upload/data/AA_2004_05_0408_03.jpg
1698,/home/upload/data/AA_2004_05_0409_04.jpg
1699,/home/upload/data/AA_2004_05_0410_05.jpg
1700,/home/upload/data/AA_2004_05_0411_06.jpg
1701,/home/upload/data/AA_2004_05_0412_07.jpg
1702,/home/upload/data/AA_2004_05_0413_08.jpg
1603,/home/upload/data/AA_2004_05_0414_09.jpg
1604,/home/upload/data/AA_2004_05_0415_10.jpg
1605,/home/upload/data/AA_2004_05_0418_13.jpg
1606,/home/upload/data/AA_2004_05_0421_16.jpg
1607,/home/upload/data/AA_2004_05_0422_17.jpg
1608,/home/upload/data/AA_2004_05_0423_18.jpg
1609,/home/upload/data/AA_2004_05_0424_19.jpg
1610,/home/upload/data/AA_2004_05_0425_20.jpg
1611,/home/upload/data/AA_2004_05_0426_21.jpg
1612,/home/upload/data/AA_2004_05_0427_22.jpg
1613,/home/upload/data/AA_2004_05_0428_23.jpg
1614,/home/upload/data/AA_2004_05_0429_24.jpg
1615,/home/upload/data/AA_2004_05_0430_25.jpg
1616,/home/upload/data/AA_2004_05_0431_26.jpg
1617,/home/upload/data/AA_2004_05_0431_26_0.jpg
1618,/home/upload/data/AA_2004_05_0432_27.jpg
1619,/home/upload/data/AA_2004_05_0460_02.jpg
1620,/home/upload/data/AA_2004_05_0461_03.jpg
1621,/home/upload/data/AA_2004_05_0462_04.jpg
1622,/home/upload/data/AA_2004_05_0463_05.jpg
1623,/home/upload/data/AA_2004_05_0464_06.jpg
1624,/home/upload/data/AA_2004_05_0465_07.jpg
1625,/home/upload/data/AA_2004_05_0466_08.jpg
1627,/home/upload/data/AA_2004_05_0468_10.jpg
1628,/home/upload/data/AA_2004_05_0469_11.jpg
1629,/home/upload/data/AA_2004_05_0470_11.jpg
1630,/home/upload/data/AA_2004_05_0471_12.jpg
1631,/home/upload/data/AA_2004_05_0472_13.jpg
1632,/home/upload/data/AA_2004_05_0473_14.jpg
1633,/home/upload/data/AA_2004_05_0474_15.jpg
1634,/home/upload/data/AA_2004_05_0475_16.jpg
1635,/home/upload/data/AA_2004_05_0479_20.jpg
1636,/home/upload/data/AA_2004_05_0480_21.jpg
1637,/home/upload/data/AA_2004_05_0481_22.jpg
1638,/home/upload/data/AA_2004_05_0482_23.jpg
1639,/home/upload/data/AA_2004_05_0483_24.jpg
1640,/home/upload/data/AA_2004_05_0484_25.jpg
1641,/home/upload/data/AA_2004_05_0485_26.jpg
1642,/home/upload/data/AA_2004_05_0486_27.jpg
1643,/home/upload/data/AA_2004_05_0487_28.jpg
1644,/home/upload/data/AA_2004_05_0525_02.jpg
1645,/home/upload/data/AA_2004_05_0526_03.jpg
1646,/home/upload/data/AA_2004_05_0527_04.jpg
1647,/home/upload/data/AA_2004_05_0528_05.jpg
1648,/home/upload/data/AA_2004_05_0529_06.jpg
1649,/home/upload/data/AA_2004_05_0530_07.jpg
1650,/home/upload/data/AA_2004_05_0531_08.jpg
1651,/home/upload/data/AA_2004_05_0532_09.jpg
1652,/home/upload/data/AA_2004_05_0533_10.jpg
1554,/home/upload/data/AA_2004_05_0534_11.jpg
1555,/home/upload/data/AA_2004_05_0535_12.jpg
1556,/home/upload/data/AA_2004_05_0536_13.jpg
1557,/home/upload/data/AA_2004_05_0537_14.jpg
1558,/home/upload/data/AA_2004_05_0539_16.jpg
1559,/home/upload/data/AA_2004_05_0540_17.jpg
1560,/home/upload/data/AA_2004_05_0541_18.jpg
1561,/home/upload/data/AA_2004_05_0542_19.jpg
1562,/home/upload/data/AA_2004_05_0543_20.jpg
1563,/home/upload/data/AA_2004_05_0544_21.jpg
1564,/home/upload/data/AA_2004_05_0545_22.jpg
1565,/home/upload/data/AA_2004_05_0546_23.jpg
1566,/home/upload/data/AA_2004_05_0547_24.jpg
1567,/home/upload/data/AA_2004_05_0548_25.jpg
1568,/home/upload/data/AA_2004_05_0549_26.jpg
1569,/home/upload/data/AA_2004_05_0550_27.jpg
1570,/home/upload/data/AA_2004_05_0551_28.jpg
1571,/home/upload/data/AA_2004_05_0552_29.jpg
1572,/home/upload/data/AA_2004_05_0553_30.jpg
1573,/home/upload/data/AA_2004_05_0554_31.jpg
1574,/home/upload/data/AA_2004_05_0555_32.jpg
1575,/home/upload/data/AA_2004_05_0556_33.jpg
1576,/home/upload/data/AA_2004_05_0557_34.jpg
1577,/home/upload/data/AA_2004_05_0558_35.jpg
1578,/home/upload/data/AA_2004_05_0559_36.jpg
1579,/home/upload/data/AA_2004_05_0560_36a.jpg
10,/home/upload/data/Arena%20from%20light%20rail%20tracks.jpg
1753,/home/upload/data/CordeliaPark013.JPG
1753,/home/upload/data/CordeliaPark007.JPG
1580,/home/upload/data/CP_2000_04_001_01.jpg
1581,/home/upload/data/CP_2000_04_002_02.jpg
1582,/home/upload/data/CP_2000_04_003_03.jpg
1583,/home/upload/data/CP_2000_04_004_04.jpg
1584,/home/upload/data/CP_2000_04_005_05.jpg
1585,/home/upload/data/CP_2000_04_006_06.jpg
1586,/home/upload/data/CP_2000_04_007_07.jpg
1587,/home/upload/data/CP_2000_04_008_08.jpg
1588,/home/upload/data/CP_2000_04_009_09.jpg
1589,/home/upload/data/CP_2000_04_010_10.jpg
1590,/home/upload/data/CP_2000_04_011_11.jpg
1591,/home/upload/data/CP_2000_04_012_12.jpg
1592,/home/upload/data/CP_2000_04_013_13.jpg
1593,/home/upload/data/CP_2000_04_014_14.jpg
1594,/home/upload/data/CP_2000_04_015_15.jpg
1595,/home/upload/data/CP_2000_04_016_16.jpg
1597,/home/upload/data/CP_2000_04_018_18.jpg
1598,/home/upload/data/CP_2000_04_019_19.jpg
1599,/home/upload/data/CP_2000_04_020_20.jpg
1600,/home/upload/data/CP_2000_04_021_21.jpg
1601,/home/upload/data/CP_2000_04_022_22.jpg
1602,/home/upload/data/CP_2000_04_023_23.jpg
1507,/home/upload/data/CP_2000_04_024_24.jpg
1508,/home/upload/data/CP_2000_04_025_25.jpg
1509,/home/upload/data/CP_2000_04_026_26.jpg
1510,/home/upload/data/CP_2000_04_027_27.jpg
1511,/home/upload/data/CP_2000_04_028_28.jpg
1512,/home/upload/data/CP_2000_04_029_29.jpg
1513,/home/upload/data/CP_2000_04_030_30.jpg
1514,/home/upload/data/CP_2000_04_031_31.jpg
1515,/home/upload/data/CP_2000_04_032_32.jpg
1516,/home/upload/data/CP_2000_04_033_33.jpg
1517,/home/upload/data/CP_2000_04_034_34.jpg
1518,/home/upload/data/CP_2000_04_035_35.jpg
1519,/home/upload/data/CP_2000_04_036_36.jpg
1520,/home/upload/data/CP_2000_04_037_36a.jpg
1521,/home/upload/data/CP_2000_04_038_37.jpg
1522,/home/upload/data/CP_2000_04_039_38.jpg
1523,/home/upload/data/CP_2000_04_040_01a.jpg
1524,/home/upload/data/CP_2000_04_041_02a.jpg
1525,/home/upload/data/CP_2000_04_042_03a.jpg
1526,/home/upload/data/CP_2000_04_042_03a_0.jpg
1527,/home/upload/data/CP_2000_04_043_04a.jpg
1528,/home/upload/data/CP_2000_04_044_05a.jpg
1529,/home/upload/data/CP_2000_04_045_06a.jpg
1530,/home/upload/data/CP_2000_04_046_07a.jpg
1531,/home/upload/data/CP_2000_04_047_08a.jpg
1532,/home/upload/data/CP_2000_04_048_09a.jpg
1533,/home/upload/data/CP_2000_04_049_10a.jpg
1534,/home/upload/data/CP_2000_04_050_11a.jpg
1535,/home/upload/data/CP_2000_04_051_12a.jpg
1536,/home/upload/data/CP_2000_04_052_13a.jpg
1537,/home/upload/data/CP_2000_04_053_14a.jpg
1538,/home/upload/data/CP_2000_04_054_15a.jpg
1539,/home/upload/data/CP_2000_04_055_16a.jpg
1540,/home/upload/data/CP_2000_04_056_17a.jpg
1541,/home/upload/data/CP_2000_04_057_18a.jpg
1542,/home/upload/data/CP_2000_04_058_19a.jpg
1543,/home/upload/data/CP_2000_04_059_20a.jpg
1544,/home/upload/data/CP_2000_04_061_22a.jpg
1545,/home/upload/data/CP_2000_04_062_23a.jpg
1546,/home/upload/data/CP_2000_04_063_24a.jpg
1547,/home/upload/data/CP_2000_04_064_25a.jpg
1548,/home/upload/data/CP_2000_04_065_26a.jpg
1549,/home/upload/data/CP_2000_04_066_27a.jpg
1550,/home/upload/data/CP_2000_04_067_28a.jpg
1551,/home/upload/data/CP_2000_04_068_29a.jpg
1552,/home/upload/data/CP_2000_04_069_30a.jpg
1553,/home/upload/data/CP_2000_04_070_00.jpg
1457,/home/upload/data/CP_2000_04_071_00.jpg
1458,/home/upload/data/CP_2000_04_072_00.jpg
1459,/home/upload/data/CP_2000_04_073_00.jpg
1460,/home/upload/data/CP_2000_04_074_00.jpg
1461,/home/upload/data/CP_2000_04_075_00.jpg
1462,/home/upload/data/CP_2000_04_076_00.jpg
1463,/home/upload/data/CP_2000_04_077_00.jpg
1464,/home/upload/data/CP_2000_04_078_00.jpg
1465,/home/upload/data/CP_2000_04_079_00.jpg
1466,/home/upload/data/CP_2000_04_080_00.jpg
1467,/home/upload/data/CP_2000_04_081_00.jpg
1468,/home/upload/data/CP_2000_04_082_00.jpg
1469,/home/upload/data/CP_2000_04_083_00.jpg
1470,/home/upload/data/CP_2000_04_084_00.jpg
1471,/home/upload/data/CP_2000_04_085_00.jpg
1472,/home/upload/data/CP_2000_04_086_00.jpg
1473,/home/upload/data/CP_2000_04_087_00.jpg
1474,/home/upload/data/CP_2000_04_088_00.jpg
1475,/home/upload/data/CP_2000_04_089_00.jpg
1476,/home/upload/data/CP_2000_04_090_00.jpg
1477,/home/upload/data/CP_2000_04_091.jpg
1478,/home/upload/data/CP_2000_04_092_00.jpg
1479,/home/upload/data/CP_2000_04_093_00.jpg
1480,/home/upload/data/CP_2000_04_094_00.jpg
1481,/home/upload/data/CP_2000_04_095_00.jpg
1482,/home/upload/data/CP_2000_04_096_00.jpg
1483,/home/upload/data/CP_2000_04_097_00.jpg
1484,/home/upload/data/CP_2000_04_098_00.jpg
1485,/home/upload/data/CP_2000_04_099_00.jpg
1486,/home/upload/data/CP_2000_04_100.jpg
1487,/home/upload/data/CP_2000_04_101.jpg
1488,/home/upload/data/CP_2000_04_102.jpg
1489,/home/upload/data/CP_2000_04_103.jpg
1490,/home/upload/data/CP_2000_04_104.jpg
1491,/home/upload/data/CP_2000_04_105.jpg
1492,/home/upload/data/CP_2000_04_106.jpg
1493,/home/upload/data/CP_2000_04_107.jpg
1495,/home/upload/data/CP_2000_04_108.jpg
1496,/home/upload/data/CP_2000_04_109.jpg
1497,/home/upload/data/CP_2000_04_110.jpg
1498,/home/upload/data/CP_2000_04_111.jpg
1499,/home/upload/data/CP_2000_04_112.jpg
1500,/home/upload/data/CP_2000_04_113.jpg
1501,/home/upload/data/CP_2000_04_114.jpg
1502,/home/upload/data/CP_2000_04_114_0.jpg
1503,/home/upload/data/CP_2000_04_115.jpg
1504,/home/upload/data/CP_2000_04_116.jpg
1505,/home/upload/data/CP_2000_04_117.jpg
1506,/home/upload/data/CP_2000_04_118.jpg
1408,/home/upload/data/CP_2000_04_119.jpg
1409,/home/upload/data/CP_2000_04_120.jpg
1410,/home/upload/data/CP_2000_04_121.jpg
1411,/home/upload/data/CP_2000_04_122.jpg
1412,/home/upload/data/CP_2000_04_123.jpg
1413,/home/upload/data/CP_2000_04_124.jpg
1414,/home/upload/data/CP_2000_04_125.jpg
1415,/home/upload/data/CP_2000_04_126.jpg
1416,/home/upload/data/CP_2000_04_127.jpg
1417,/home/upload/data/CP_2000_04_128.jpg
1418,/home/upload/data/CP_2000_04_129.jpg
1419,/home/upload/data/CP_2000_04_130.jpg
1420,/home/upload/data/CP_2000_04_131.jpg
1421,/home/upload/data/CP_2000_04_132.jpg
1422,/home/upload/data/CP_2000_04_133.jpg
1423,/home/upload/data/CP_2000_04_134.jpg
1424,/home/upload/data/CP_2000_04_136.jpg
1425,/home/upload/data/CP_2000_04_137.jpg
1426,/home/upload/data/CP_2000_04_138.jpg
1427,/home/upload/data/CP_2000_04_139.jpg
1428,/home/upload/data/CP_2000_04_140.jpg
1429,/home/upload/data/CP_2000_04_141.jpg
1430,/home/upload/data/CP_2000_04_142.jpg
1431,/home/upload/data/CP_2000_04_143.jpg
1432,/home/upload/data/CP_2000_04_144.jpg
1433,/home/upload/data/CP_2000_04_145.jpg
1434,/home/upload/data/CP_2000_04_146.jpg
1435,/home/upload/data/CP_2000_04_147.jpg
1436,/home/upload/data/CP_2000_04_148.jpg
1437,/home/upload/data/CP_2000_04_149.jpg
1438,/home/upload/data/CP_2000_04_150.jpg
1439,/home/upload/data/CP_2000_04_151.jpg
1440,/home/upload/data/CP_2000_04_152.jpg
1441,/home/upload/data/CP_2000_04_153.jpg
1442,/home/upload/data/CP_2000_04_154.jpg
1443,/home/upload/data/CP_2000_04_155.jpg
1444,/home/upload/data/CP_2000_04_156.jpg
1445,/home/upload/data/CP_2000_04_157.jpg
1446,/home/upload/data/CP_2000_04_158.jpg
1447,/home/upload/data/CP_2000_04_159.jpg
1448,/home/upload/data/CP_2000_04_160.jpg
1449,/home/upload/data/CP_2000_04_161.jpg
1450,/home/upload/data/CP_2000_04_162.jpg
1451,/home/upload/data/CP_2000_04_163.jpg
1452,/home/upload/data/CP_2000_04_164.jpg
1453,/home/upload/data/CP_2000_04_165.jpg
1454,/home/upload/data/CP_2000_04_166.jpg
1455,/home/upload/data/CP_2000_04_167.jpg
1456,/home/upload/data/CP_2000_04_168.jpg
1357,/home/upload/data/CP_2000_04_169.jpg
1358,/home/upload/data/CP_2000_04_170.jpg
1359,/home/upload/data/CP_2000_04_171.jpg
1361,/home/upload/data/CP_2000_04_172.jpg
1362,/home/upload/data/CP_2000_04_173.jpg
1363,/home/upload/data/CP_2000_04_174.jpg
1364,/home/upload/data/CP_2000_04_175.jpg
1365,/home/upload/data/CP_2000_04_176.jpg
1366,/home/upload/data/CP_2000_04_177.jpg
1367,/home/upload/data/CP_2000_04_178.jpg
1368,/home/upload/data/CP_2000_04_179.jpg
1369,/home/upload/data/CP_2000_04_180.jpg
1370,/home/upload/data/CP_2000_04_181.jpg
1371,/home/upload/data/CP_2000_04_182.jpg
1372,/home/upload/data/CP_2000_04_183.jpg
1373,/home/upload/data/CP_2000_04_184.jpg
1374,/home/upload/data/CP_2000_04_185.jpg
1375,/home/upload/data/CP_2000_04_186.jpg
1376,/home/upload/data/CP_2000_04_187.jpg
1377,/home/upload/data/CP_2000_04_188.jpg
1378,/home/upload/data/CP_2000_04_189.jpg
1379,/home/upload/data/CP_2000_04_190.jpg
1380,/home/upload/data/CP_2000_04_191.jpg
1381,/home/upload/data/CP_2000_04_192.jpg
1382,/home/upload/data/CP_2000_04_193.jpg
1383,/home/upload/data/CP_2000_04_194.jpg
1384,/home/upload/data/CP_2000_04_195.jpg
1385,/home/upload/data/CP_2000_04_196.jpg
1386,/home/upload/data/CP_2000_04_197.jpg
1387,/home/upload/data/CP_2000_04_198.jpg
1388,/home/upload/data/CP_2000_04_199.jpg
1389,/home/upload/data/CP_2000_04_200.jpg
1390,/home/upload/data/CP_2000_04_201.jpg
1391,/home/upload/data/CP_2000_04_202.jpg
1392,/home/upload/data/CP_2000_04_203.jpg
1393,/home/upload/data/CP_2000_04_204.jpg
1394,/home/upload/data/CP_2000_04_205.jpg
1395,/home/upload/data/CP_2000_04_206.jpg
1396,/home/upload/data/CP_2000_04_207.jpg
1397,/home/upload/data/CP_2000_04_208.jpg
1398,/home/upload/data/CP_2000_04_209.jpg
1399,/home/upload/data/CP_2000_04_210.jpg
1400,/home/upload/data/CP_2000_04_211.jpg
1401,/home/upload/data/CP_2000_04_212.jpg
1402,/home/upload/data/CP_2000_04_213.jpg
1403,/home/upload/data/CP_2000_04_214.jpg
1404,/home/upload/data/CP_2000_04_215.jpg
1405,/home/upload/data/CP_2000_04_216.jpg
1406,/home/upload/data/CP_2000_04_217.jpg
1309,/home/upload/data/CP_2000_04_218.jpg
1310,/home/upload/data/CP_2000_04_219.jpg
1311,/home/upload/data/CP_2000_04_220.jpg
1312,/home/upload/data/CP_2000_04_221.jpg
1313,/home/upload/data/CP_2000_04_222.jpg
1314,/home/upload/data/CP_2000_04_223.jpg
1315,/home/upload/data/CP_2000_04_224.jpg
1316,/home/upload/data/CP_2000_04_225.jpg
1317,/home/upload/data/CP_2000_04_226.jpg
1318,/home/upload/data/CP_2000_04_227.jpg
1319,/home/upload/data/CP_2000_04_228.jpg
1320,/home/upload/data/CP_2000_04_229.jpg
1321,/home/upload/data/CP_2000_04_230.jpg
1322,/home/upload/data/CP_2000_04_231.jpg
1323,/home/upload/data/CP_2000_04_232.jpg
1324,/home/upload/data/CP_2000_04_233.jpg
1325,/home/upload/data/CP_2000_04_234.jpg
1326,/home/upload/data/CP_2000_04_235.jpg
1327,/home/upload/data/CP_2000_04_236.jpg
1328,/home/upload/data/CP_2000_04_237.jpg
1329,/home/upload/data/CP_2000_04_238.jpg
1330,/home/upload/data/CP_2000_04_239.jpg
1331,/home/upload/data/CP_2000_04_240.jpg
1332,/home/upload/data/CP_2000_04_241.jpg
1333,/home/upload/data/CP_2000_04_242.jpg
1334,/home/upload/data/CP_2000_04_243.jpg
1335,/home/upload/data/CP_2000_04_244.jpg
1336,/home/upload/data/CP_2000_04_245.jpg
1337,/home/upload/data/CP_2000_04_246.jpg
1338,/home/upload/data/CP_2000_04_247.jpg
1339,/home/upload/data/CP_2002_04_248.jpg
1340,/home/upload/data/CP_2002_04_249.jpg
1341,/home/upload/data/CP_2002_04_250.jpg
38,/home/upload/data/CP_2002_04_251_00.jpg
1343,/home/upload/data/CP_2002_04_252.jpg
1344,/home/upload/data/CP_2002_04_253.jpg
1345,/home/upload/data/CP_2002_04_254.jpg
1346,/home/upload/data/CP_2002_04_255.jpg
1347,/home/upload/data/CP_2002_04_256.jpg
1348,/home/upload/data/CP_2002_04_257.jpg
1349,/home/upload/data/CP_2002_04_258.jpg
1350,/home/upload/data/CP_2002_04_259.jpg
1351,/home/upload/data/CP_2002_04_260.jpg
1352,/home/upload/data/CP_2002_04_261.jpg
1353,/home/upload/data/CP_2002_04_262.jpg
1354,/home/upload/data/CP_2002_04_263.jpg
1355,/home/upload/data/CP_2002_04_264.jpg
1356,/home/upload/data/CP_2002_04_265.jpg
1259,/home/upload/data/CP_2002_04_266.jpg
1260,/home/upload/data/CP_2002_04_267.jpg
1261,/home/upload/data/CP_2002_04_268.jpg
1262,/home/upload/data/CP_2002_04_269.jpg
1263,/home/upload/data/CP_2002_04_270.jpg
1264,/home/upload/data/CP_2002_04_271.jpg
1265,/home/upload/data/CP_2002_04_272.jpg
1266,/home/upload/data/CP_2002_04_273.jpg
1267,/home/upload/data/CP_2002_04_274.jpg
1268,/home/upload/data/CP_2002_04_275.jpg
1269,/home/upload/data/CP_2002_04_276.jpg
1270,/home/upload/data/CP_2002_04_277.jpg
1271,/home/upload/data/CP_2002_04_278.jpg
1272,/home/upload/data/CP_2002_04_279.jpg
1273,/home/upload/data/CP_2002_04_280.jpg
1274,/home/upload/data/CP_2002_04_281.jpg
1275,/home/upload/data/CP_2002_04_282.jpg
1276,/home/upload/data/CP_2002_04_283.jpg
1277,/home/upload/data/CP_2002_04_284.jpg
1278,/home/upload/data/CP_2002_04_285.jpg
1279,/home/upload/data/CP_2002_04_286.jpg
1280,/home/upload/data/CP_2002_04_287.jpg
1281,/home/upload/data/CP_2002_04_288.jpg
1282,/home/upload/data/CP_2002_04_289.jpg
1283,/home/upload/data/CP_2002_04_290.jpg
1284,/home/upload/data/CP_2002_04_291.jpg
1285,/home/upload/data/CP_2002_04_292.jpg
1286,/home/upload/data/CP_2002_04_293.jpg
1287,/home/upload/data/CP_2002_04_294.jpg
1288,/home/upload/data/CP_2002_04_295.jpg
1289,/home/upload/data/CP_2002_04_296.jpg
1290,/home/upload/data/CP_2002_04_297.jpg
1291,/home/upload/data/CP_2002_04_298.jpg
1292,/home/upload/data/CP_2002_04_298_0.jpg
1293,/home/upload/data/CP_2002_04_299.jpg
1294,/home/upload/data/CP_2002_04_300.jpg
1295,/home/upload/data/CP_2002_04_301.jpg
1296,/home/upload/data/CP_2002_04_302.jpg
1297,/home/upload/data/CP_2002_04_303.jpg
1298,/home/upload/data/CP_2002_04_304.jpg
1299,/home/upload/data/CP_2002_04_305.jpg
1300,/home/upload/data/CP_2002_04_306.jpg
1301,/home/upload/data/CP_2002_04_307.jpg
1302,/home/upload/data/CP_2002_04_308.jpg
1303,/home/upload/data/CP_2002_04_309.jpg
1304,/home/upload/data/CP_2002_04_310.jpg
1305,/home/upload/data/CP_2002_04_311.jpg
1306,/home/upload/data/CP_2002_04_312.jpg
1307,/home/upload/data/CP_2002_04_313.jpg
1308,/home/upload/data/CP_2002_04_314.jpg
1211,/home/upload/data/CP_2002_04_315.jpg
1212,/home/upload/data/CP_2002_04_316.jpg
1213,/home/upload/data/CP_2002_04_317.jpg
1214,/home/upload/data/CP_2002_04_318.jpg
1215,/home/upload/data/CP_2002_04_319.jpg
1216,/home/upload/data/CP_2002_04_320.jpg
1217,/home/upload/data/CP_2002_04_321.jpg
1218,/home/upload/data/CP_2002_04_322.jpg
283,/home/upload/data/CP_2002_04_323_0.jpg
1219,/home/upload/data/CP_2002_04_324.jpg
1220,/home/upload/data/CP_2002_04_324_0.jpg
1221,/home/upload/data/CP_2002_04_325.jpg
1222,/home/upload/data/CP_2002_04_326.jpg
1223,/home/upload/data/CP_2002_04_327_0.jpg
1224,/home/upload/data/CP_2002_04_329.jpg
1225,/home/upload/data/CP_2002_04_330.jpg
1226,/home/upload/data/CP_2002_04_331.jpg
1227,/home/upload/data/CP_2002_04_332.jpg
1228,/home/upload/data/CP_2002_04_333.jpg
1229,/home/upload/data/CP_2002_04_334.jpg
39,/home/upload/data/CP_2002_04_335.jpg
1230,/home/upload/data/CP_2002_04_335_0.jpg
1231,/home/upload/data/CP_2002_04_336.jpg
1232,/home/upload/data/CP_2002_04_337.jpg
1233,/home/upload/data/CP_2002_04_338.jpg
1234,/home/upload/data/CP_2002_04_339.jpg
1235,/home/upload/data/CP_2002_04_340.jpg
1236,/home/upload/data/CP_2002_04_341.jpg
1237,/home/upload/data/CP_2002_04_342.jpg
1238,/home/upload/data/CP_2002_04_343.jpg
1239,/home/upload/data/CP_2002_04_344.jpg
1240,/home/upload/data/CP_2002_04_345.jpg
1241,/home/upload/data/CP_2002_04_346.jpg
1242,/home/upload/data/CP_2002_04_347.jpg
1243,/home/upload/data/CP_2002_04_348.jpg
1244,/home/upload/data/CP_2002_04_349.jpg
1245,/home/upload/data/CP_2002_04_350.jpg
1246,/home/upload/data/CP_2002_04_351.jpg
1247,/home/upload/data/CP_2002_04_352.jpg
1248,/home/upload/data/CP_2002_04_353.jpg
1249,/home/upload/data/CP_2002_04_354.jpg
1250,/home/upload/data/CP_2002_04_354_0.jpg
1251,/home/upload/data/CP_2002_04_355.jpg
1252,/home/upload/data/CP_2002_04_356.jpg
1253,/home/upload/data/CP_2002_04_357.jpg
1254,/home/upload/data/CP_2002_04_358.jpg
1255,/home/upload/data/CP_2002_04_359.jpg
1256,/home/upload/data/CP_2002_04_360.jpg
1257,/home/upload/data/CP_2002_04_361.jpg
1258,/home/upload/data/CP_2002_04_362.jpg
1162,/home/upload/data/CP_2002_04_363.jpg
1163,/home/upload/data/CP_2002_04_364.jpg
1164,/home/upload/data/CP_2002_04_365.jpg
1165,/home/upload/data/CP_2002_04_366.jpg
1166,/home/upload/data/CP_2002_04_367.jpg
1167,/home/upload/data/CP_2002_04_368.jpg
1168,/home/upload/data/CP_2002_04_369.jpg
1169,/home/upload/data/CP_2002_04_370.jpg
1170,/home/upload/data/CP_2002_04_371.jpg
1171,/home/upload/data/CP_2002_04_372.jpg
1172,/home/upload/data/CP_2002_04_373.jpg
1173,/home/upload/data/CP_2002_04_374.jpg
1174,/home/upload/data/CP_2002_04_375.jpg
1175,/home/upload/data/CP_2002_04_376.jpg
1176,/home/upload/data/CP_2002_04_377.jpg
1177,/home/upload/data/CP_2002_04_378.jpg
1178,/home/upload/data/CP_2002_04_379.jpg
1179,/home/upload/data/CP_2002_04_380.jpg
1180,/home/upload/data/CP_2002_04_381.jpg
1181,/home/upload/data/CP_2002_04_382.jpg
1182,/home/upload/data/CP_2002_04_383_1.jpg
1183,/home/upload/data/CP_2002_04_384_1.jpg
1184,/home/upload/data/CP_2002_04_385.jpg
1185,/home/upload/data/CP_2002_04_386.jpg
1186,/home/upload/data/CP_2002_04_387.jpg
1187,/home/upload/data/CP_2002_04_388.jpg
1188,/home/upload/data/CP_2002_04_389.jpg
1189,/home/upload/data/CP_2002_04_390.jpg
1190,/home/upload/data/CP_2002_04_391.jpg
1191,/home/upload/data/CP_2002_04_392.jpg
1192,/home/upload/data/CP_2002_04_393.jpg
1193,/home/upload/data/CP_2002_04_394.jpg
1194,/home/upload/data/CP_2002_04_395.jpg
1195,/home/upload/data/CP_2002_04_396.jpg
1196,/home/upload/data/CP_2002_04_397.jpg
1197,/home/upload/data/CP_2002_04_398.jpg
1198,/home/upload/data/CP_2002_04_399.jpg
1199,/home/upload/data/CP_2002_04_400.jpg
1200,/home/upload/data/CP_2002_04_401.jpg
1201,/home/upload/data/CP_2002_04_402.jpg
1202,/home/upload/data/CP_2002_04_403.jpg
1203,/home/upload/data/CP_2002_04_404.jpg
1204,/home/upload/data/CP_2002_04_405.jpg
1205,/home/upload/data/CP_2002_04_406.jpg
1206,/home/upload/data/CP_2002_04_407.jpg
1207,/home/upload/data/CP_2002_04_409.jpg
1208,/home/upload/data/CP_2002_04_410.jpg
1209,/home/upload/data/CP_2002_04_411.jpg
1210,/home/upload/data/CP_2002_04_412.jpg
1112,/home/upload/data/CP_2002_04_413.jpg
1113,/home/upload/data/CP_2002_04_414.jpg
1114,/home/upload/data/CP_2002_04_415.jpg
1115,/home/upload/data/CP_2002_04_416.jpg
1116,/home/upload/data/CP_2002_04_418.jpg
1117,/home/upload/data/CP_2002_04_419.jpg
1118,/home/upload/data/CP_2002_04_420.jpg
1119,/home/upload/data/CP_2002_04_421.jpg
1120,/home/upload/data/CP_2002_04_422.jpg
1121,/home/upload/data/CP_2002_04_423.jpg
1122,/home/upload/data/CP_2002_04_424.jpg
1123,/home/upload/data/CP_2002_04_425.jpg
1124,/home/upload/data/CP_2002_04_426.jpg
1125,/home/upload/data/CP_2002_04_427.jpg
1126,/home/upload/data/CP_2002_04_429.jpg
1127,/home/upload/data/CP_2002_04_430.jpg
1128,/home/upload/data/CP_2002_04_431.jpg
1129,/home/upload/data/CP_2002_04_432.jpg
1130,/home/upload/data/CP_2002_04_433.jpg
1131,/home/upload/data/CP_2002_04_433_0.jpg
1132,/home/upload/data/CP_2002_04_434.jpg
1133,/home/upload/data/CP_2002_04_435.jpg
1134,/home/upload/data/CP_2002_04_436.jpg
1135,/home/upload/data/CP_2002_04_437.jpg
1136,/home/upload/data/CP_2002_04_438.jpg
1137,/home/upload/data/CP_2002_04_439.jpg
1138,/home/upload/data/CP_2002_04_440.jpg
1139,/home/upload/data/CP_2002_04_441.jpg
1140,/home/upload/data/CP_2002_04_442.jpg
1141,/home/upload/data/CP_2002_04_443.jpg
1142,/home/upload/data/CP_2002_04_444.jpg
1143,/home/upload/data/CP_2004_04_445.jpg
1144,/home/upload/data/CP_2004_04_446.jpg
1145,/home/upload/data/CP_2004_04_447.jpg
1146,/home/upload/data/CP_2004_04_448.jpg
1147,/home/upload/data/CP_2004_04_449.jpg
1148,/home/upload/data/CP_2004_04_450.jpg
1149,/home/upload/data/CP_2004_04_451.jpg
1150,/home/upload/data/CP_2004_04_452.jpg
1151,/home/upload/data/CP_2004_04_453.jpg
1152,/home/upload/data/CP_2004_04_454.jpg
1153,/home/upload/data/CP_2004_04_455.jpg
1154,/home/upload/data/CP_2004_04_456.jpg
1155,/home/upload/data/CP_2004_04_457.jpg
1156,/home/upload/data/CP_2004_04_458.jpg
1157,/home/upload/data/CP_2004_04_459.jpg
1158,/home/upload/data/CP_2004_04_460.jpg
1159,/home/upload/data/CP_2004_04_461.jpg
1160,/home/upload/data/CP_2004_04_462.jpg
1161,/home/upload/data/CP_2004_04_463.jpg
1064,/home/upload/data/CP_2004_04_464.jpg
1065,/home/upload/data/CP_2004_04_465.jpg
1066,/home/upload/data/CP_2004_04_466.jpg
1067,/home/upload/data/CP_2004_04_467.jpg
1068,/home/upload/data/CP_2004_04_468.jpg
1069,/home/upload/data/CP_2004_04_469.jpg
1070,/home/upload/data/CP_2004_04_470.jpg
1342,/home/upload/data/CP_2004_04_470_0.jpg
1071,/home/upload/data/CP_2004_04_471.jpg
1072,/home/upload/data/CP_2004_04_472.jpg
1073,/home/upload/data/CP_2004_04_473.jpg
1074,/home/upload/data/CP_2004_04_474.jpg
1075,/home/upload/data/CP_2004_04_475.jpg
1760,/home/upload/data/CP_2004_04_475_00.jpg
1076,/home/upload/data/CP_2004_04_476.jpg
1077,/home/upload/data/CP_2004_04_477.jpg
1078,/home/upload/data/CP_2004_04_478.jpg
1079,/home/upload/data/CP_2004_04_479.jpg
1080,/home/upload/data/CP_2004_04_480.jpg
1081,/home/upload/data/CP_2004_04_481.jpg
1082,/home/upload/data/CP_2004_04_482.jpg
1083,/home/upload/data/CP_2004_04_483.jpg
1084,/home/upload/data/CP_2004_04_484.jpg
1085,/home/upload/data/CP_2004_04_485_0.jpg
1086,/home/upload/data/CP_2004_04_487_0.jpg
1087,/home/upload/data/CP_2004_04_488.jpg
1088,/home/upload/data/CP_2004_04_489.jpg
1089,/home/upload/data/CP_2004_04_490_0.jpg
1090,/home/upload/data/CP_2004_04_491.jpg
1091,/home/upload/data/CP_2004_04_492.jpg
1092,/home/upload/data/CP_2004_04_493.jpg
1093,/home/upload/data/CP_2004_04_494.jpg
1094,/home/upload/data/CP_2004_04_495.jpg
1095,/home/upload/data/CP_2004_04_496.jpg
1096,/home/upload/data/CP_2004_04_497.jpg
1097,/home/upload/data/CP_2004_04_498.jpg
1098,/home/upload/data/CP_2004_04_499.jpg
1099,/home/upload/data/CP_2004_04_500.jpg
1100,/home/upload/data/CP_2004_04_501.jpg
1101,/home/upload/data/CP_2004_04_502.jpg
1102,/home/upload/data/CP_2004_04_503.jpg
1103,/home/upload/data/CP_2004_04_504.jpg
1104,/home/upload/data/CP_2004_04_505.jpg
1105,/home/upload/data/CP_2004_04_506.jpg
1106,/home/upload/data/CP_2004_04_507.jpg
1107,/home/upload/data/CP_2004_04_508.jpg
1108,/home/upload/data/CP_2004_04_509.jpg
1109,/home/upload/data/CP_2004_04_510.jpg
1110,/home/upload/data/CP_2004_04_511.jpg
1111,/home/upload/data/CP_2004_04_512.jpg
1015,/home/upload/data/CP_2004_04_513.jpg
1016,/home/upload/data/CP_2004_04_514.jpg
1017,/home/upload/data/CP_2004_04_515.jpg
1018,/home/upload/data/CP_2004_04_516.jpg
1019,/home/upload/data/CP_2004_04_517.jpg
1020,/home/upload/data/CP_2004_04_518.jpg
1021,/home/upload/data/CP_2004_04_519.jpg
1022,/home/upload/data/CP_2004_04_520.jpg
1023,/home/upload/data/CP_2004_04_521.jpg
112,/home/upload/data/CP_2004_04_521_0.jpg
1024,/home/upload/data/CP_2004_04_522.jpg
111,/home/upload/data/CP_2004_04_522_0.jpg
1025,/home/upload/data/CP_2004_04_523.jpg
110,/home/upload/data/CP_2004_04_523_0.jpg
1026,/home/upload/data/CP_2004_04_524.jpg
109,/home/upload/data/CP_2004_04_524_0.jpg
1027,/home/upload/data/CP_2004_04_525a.jpg
108,/home/upload/data/CP_2004_04_525b.jpg
107,/home/upload/data/CP_2004_04_525c.jpg
106,/home/upload/data/CP_2004_04_525d.jpg
105,/home/upload/data/CP_2004_04_525e.jpg
104,/home/upload/data/CP_2004_04_525e_0.jpg
103,/home/upload/data/CP_2004_04_525f.jpg
102,/home/upload/data/CP_2004_04_525g.jpg
101,/home/upload/data/CP_2004_04_525h.jpg
100,/home/upload/data/CP_2004_04_525i.jpg
99,/home/upload/data/CP_2004_04_525j.jpg
98,/home/upload/data/CP_2004_04_525k.jpg
97,/home/upload/data/CP_2004_04_525l.jpg
96,/home/upload/data/CP_2004_04_525m.jpg
95,/home/upload/data/CP_2004_04_525n.jpg
94,/home/upload/data/CP_2004_04_525o.jpg
93,/home/upload/data/CP_2004_04_525p.jpg
92,/home/upload/data/CP_2004_04_525q.jpg
91,/home/upload/data/CP_2004_04_525r_0.jpg
90,/home/upload/data/CP_2004_04_525s.jpg
89,/home/upload/data/CP_2004_04_525t.jpg
88,/home/upload/data/CP_2004_04_525u.jpg
1028,/home/upload/data/CP_2004_04_526.jpg
87,/home/upload/data/CP_2004_04_526_0.jpg
1029,/home/upload/data/CP_2006_04_527.jpg
86,/home/upload/data/CP_2006_04_527_0.jpg
1030,/home/upload/data/CP_2006_04_528.jpg
85,/home/upload/data/CP_2006_04_528_0.jpg
1031,/home/upload/data/CP_2006_04_529.jpg
84,/home/upload/data/CP_2006_04_529_0.jpg
1032,/home/upload/data/CP_2006_04_530.jpg
83,/home/upload/data/CP_2006_04_530_0.jpg
1034,/home/upload/data/CP_2006_04_531_00.jpg
82,/home/upload/data/CP_2006_04_531_00_0.jpg
114,/home/upload/data/CP_2007_04_532_00.jpg
113,/home/upload/data/CP_2007_04_532_00_0.jpg
80,/home/upload/data/CP_2007_04_532_00_1.jpg
81,/home/upload/data/CP_2007_04_532_00_1_0.jpg
79,/home/upload/data/CP_2007_04_534_00.jpg
78,/home/upload/data/CP_2007_04_535_00.jpg
77,/home/upload/data/CP_2007_04_536_00.jpg
75,/home/upload/data/CP_2009_04_550_00.jpg
1809,/home/upload/data/CP_2009_04_550_00.jpg
74,/home/upload/data/CP_2012_04_551a_00.jpg
73,/home/upload/data/CP_2012_04_551b_00.jpg
72,/home/upload/data/CP_2012_04_551c_00.jpg
71,/home/upload/data/CP_2012_04_551d_00.jpg
70,/home/upload/data/CP_2012_04_551e_00.jpg
69,/home/upload/data/CP_2012_04_551f_00.jpg
68,/home/upload/data/CP_2012_04_551g_00.jpg
67,/home/upload/data/CP_2012_04_551h_00.jpg
66,/home/upload/data/CP_2012_04_551i_00.jpg
65,/home/upload/data/CP_2012_04_551j_00.jpg
64,/home/upload/data/CP_2012_04_551k_00.jpg
63,/home/upload/data/CP_2012_04_551l_00.jpg
62,/home/upload/data/CP_2012_04_551m_00.jpg
61,/home/upload/data/CP_2012_04_551n_00.jpg
1797,/home/upload/data/CP_2013_04_552a_00.jpg
1798,/home/upload/data/CP_2013_04_552j_00.jpg
1799,/home/upload/data/CP_2013_04_552t_00.jpg
60,/home/upload/data/CP_2013_04_553_00.jpg
1808,/home/upload/data/CP_2015_04_554_00.png
36,/home/upload/data/CP_2015_04_555_00.jpg
35,/home/upload/data/CP_2015_04_556_00.jpg
34,/home/upload/data/CP_2015_04_557_00.jpg
1800,/home/upload/data/CP_2015_04_557_00.png
33,/home/upload/data/CP_2015_04_558_00.jpg
30,/home/upload/data/CP_2015_04_559.jpg
29,/home/upload/data/CP_2015_04_560.jpg
28,/home/upload/data/CP_2015_04_561.jpg
27,/home/upload/data/CP_2015_04_563.png
1801,/home/upload/data/CP_2015_04_564.png
1814,/home/upload/data/CP_2015_04_566.png
1802,/home/upload/data/CP_2015_04_567.png
1803,/home/upload/data/CP_2015_04_568.png
1804,/home/upload/data/CP_2015_04_569.png
1805,/home/upload/data/CP_2015_04_570.png
1806,/home/upload/data/CP_2015_04_571.png
1807,/home/upload/data/CP_2015_04_572.png
1810,/home/upload/data/CP_2015_04_573.png
1811,/home/upload/data/CP_2015_04_575.png
1815,/home/upload/data/CP_2015_04_580.png
1816,/home/upload/data/CP_2015_04_580.png
1763,/home/upload/data/CP_2018_04_587.png
1764,/home/upload/data/CP_2018_04_588.png
1765,/home/upload/data/CP_2018_04_589.png
1794,/home/upload/data/CP_2018_04_589.png
1766,/home/upload/data/CP_2018_04_590.png
1767,/home/upload/data/CP_2018_04_591.png
1769,/home/upload/data/CP_2018_04_593.png
1770,/home/upload/data/CP_2018_04_594.png
1771,/home/upload/data/CP_2018_04_595.png
1772,/home/upload/data/CP_2018_04_596.png
1773,/home/upload/data/CP_2018_04_597.png
1774,/home/upload/data/CP_2018_04_598.png
1775,/home/upload/data/CP_2018_04_599.png
1817,/home/upload/data/CP_2018_04_600.png
1818,/home/upload/data/CP_2018_04_601.png
1776,/home/upload/data/CP_2018_04_603.png
1819,/home/upload/data/CP_2018_04_603.png
1795,/home/upload/data/CP_2018_04_604.png
1796,/home/upload/data/CP_2018_04_605.png
1822,/home/upload/data/CP_2018_04_607.png
1823,/home/upload/data/CP_2018_04_608.png
1824,/home/upload/data/CP_2018_04_609.png
1825,/home/upload/data/CP_2018_04_610.png
1793,/home/upload/data/CP_2018_04_618.png
1781,/home/upload/data/CP_2018_04_619.png
1782,/home/upload/data/CP_2018_04_620.png
1783,/home/upload/data/CP_2018_04_621.png
1785,/home/upload/data/CP_2018_04_622.png
1786,/home/upload/data/CP_2018_04_625.png
1787,/home/upload/data/CP_2018_04_626.png
1788,/home/upload/data/CP_2018_04_627.png
1789,/home/upload/data/CP_2018_04_628.png
1791,/home/upload/data/CP_2018_04_631.png
1778,/home/upload/data/CP_2018_04_658.png
1777,/home/upload/data/CP_2004_04_481_00.jpg
1780,/home/upload/data/CP_2018_04_661.png
1792,/home/upload/data/CP_2018_04_736.png
12,/home/upload/data/Depot%20Brickwork%201.jpg
9,/home/upload/data/DG_2018_16_ConfNav_1.jpg
7,/home/upload/data/DG_2018_16_NHF_1.jpg
8,/home/upload/data/DG_2018_16_NHF_2.jpg
11,/home/upload/data/DG_2018_18_300NCollege_1.jpg
14,/home/upload/data/Documents.jpg
13,/home/upload/data/Google%20Fiber%201.jpg
1035,/home/upload/data/H_1999_01_001_06.jpg
1036,/home/upload/data/H_1999_01_002_07.jpg
1037,/home/upload/data/H_1999_01_003_08.jpg
1038,/home/upload/data/H_1999_01_004_09.jpg
1039,/home/upload/data/H_1999_01_005_10.jpg
1040,/home/upload/data/H_1999_01_006_11.jpg
1041,/home/upload/data/H_1999_01_007_12.jpg
1042,/home/upload/data/H_1999_01_008_13.jpg
1043,/home/upload/data/H_1999_01_009_14.jpg
1044,/home/upload/data/H_1999_01_010_15.jpg
1045,/home/upload/data/H_1999_01_011_16.jpg
1046,/home/upload/data/H_1999_01_012_17.jpg
1051,/home/upload/data/H_1999_01_012_17_0.jpg
1047,/home/upload/data/H_1999_01_013_18.jpg
1048,/home/upload/data/H_1999_01_014_19.jpg
1049,/home/upload/data/H_1999_01_015_20.jpg
1050,/home/upload/data/H_1999_01_016_21.jpg
1052,/home/upload/data/H_1999_01_018_23.jpg
1053,/home/upload/data/H_1999_01_019_24.jpg
1054,/home/upload/data/H_1999_01_021_06.jpg
1055,/home/upload/data/H_1999_01_022_07.jpg
1056,/home/upload/data/H_1999_01_023_08.jpg
1057,/home/upload/data/H_1999_01_024_09.jpg
1058,/home/upload/data/H_1999_01_025_10.jpg
1059,/home/upload/data/H_1999_01_026_11.jpg
1060,/home/upload/data/H_1999_01_027_12.jpg
1061,/home/upload/data/H_1999_01_028_13.jpg
1062,/home/upload/data/H_1999_01_029_14.jpg
1063,/home/upload/data/H_1999_01_030_15.jpg
967,/home/upload/data/H_1999_01_032_17.jpg
968,/home/upload/data/H_1999_01_033_18_1.jpg
969,/home/upload/data/H_1999_01_034_19.jpg
970,/home/upload/data/H_1999_01_035_20.jpg
971,/home/upload/data/H_1999_01_036_21.jpg
972,/home/upload/data/H_1999_01_037_22.jpg
973,/home/upload/data/H_1999_01_038_23.jpg
974,/home/upload/data/H_1999_01_039_24.jpg
975,/home/upload/data/H_1999_01_040_25.jpg
976,/home/upload/data/H_1999_01_041_01.jpg
977,/home/upload/data/H_1999_01_042_02.jpg
978,/home/upload/data/H_1999_01_043_03.jpg
979,/home/upload/data/H_1999_01_044_04.jpg
980,/home/upload/data/H_1999_01_045_05.jpg
981,/home/upload/data/H_1999_01_046_06.jpg
982,/home/upload/data/H_1999_01_047_07.jpg
983,/home/upload/data/H_1999_01_048_08.jpg
984,/home/upload/data/H_1999_01_049_09.jpg
985,/home/upload/data/H_1999_01_050_10.jpg
986,/home/upload/data/H_1999_01_051_11.jpg
987,/home/upload/data/H_1999_01_052_12.jpg
988,/home/upload/data/H_1999_01_054_14.jpg
989,/home/upload/data/H_1999_01_055_15.jpg
990,/home/upload/data/H_1999_01_056_16.jpg
991,/home/upload/data/H_1999_01_056_16_0.jpg
992,/home/upload/data/H_1999_01_057_17.jpg
993,/home/upload/data/H_1999_01_058_18.jpg
994,/home/upload/data/H_1999_01_059_19.jpg
995,/home/upload/data/H_1999_01_060_20.jpg
996,/home/upload/data/H_1999_01_061_21.jpg
997,/home/upload/data/H_1999_01_062_22.jpg
998,/home/upload/data/H_1999_01_063_01.jpg
999,/home/upload/data/H_1999_01_064_02.jpg
1000,/home/upload/data/H_1999_01_065_03.jpg
1001,/home/upload/data/H_1999_01_066_04.jpg
1002,/home/upload/data/H_1999_01_067_05.jpg
1003,/home/upload/data/H_1999_01_068_05a.jpg
1004,/home/upload/data/H_1999_01_069_06_1.jpg
1005,/home/upload/data/H_1999_01_070_07.jpg
1006,/home/upload/data/H_1999_01_071_08.jpg
1007,/home/upload/data/H_1999_01_072_09.jpg
1008,/home/upload/data/H_1999_01_073_10.jpg
1009,/home/upload/data/H_1999_01_074_11.jpg
1010,/home/upload/data/H_1999_01_075_12.jpg
1011,/home/upload/data/H_1999_01_076_13.jpg
1012,/home/upload/data/H_1999_01_077_14.jpg
1013,/home/upload/data/H_1999_01_078_15.jpg
1014,/home/upload/data/H_1999_01_079_16.jpg
917,/home/upload/data/H_1999_01_080_17.jpg
918,/home/upload/data/H_1999_01_081_18.jpg
919,/home/upload/data/H_1999_01_082_19.jpg
920,/home/upload/data/H_1999_01_083_20.jpg
921,/home/upload/data/H_1999_01_084_21.jpg
922,/home/upload/data/H_1999_01_085_22.jpg
923,/home/upload/data/H_1999_01_086_23.jpg
924,/home/upload/data/H_1999_01_087_24.jpg
925,/home/upload/data/H_1999_01_088_25.jpg
926,/home/upload/data/H_1999_01_089_01.jpg
927,/home/upload/data/H_1999_01_090_02.jpg
928,/home/upload/data/H_1999_01_091_03.jpg
929,/home/upload/data/H_1999_01_092_04.jpg
930,/home/upload/data/H_1999_01_093_05.jpg
931,/home/upload/data/H_1999_01_094_19.jpg
932,/home/upload/data/H_1999_01_095_20.jpg
933,/home/upload/data/H_1999_01_096_21.jpg
934,/home/upload/data/H_1999_01_097_03.jpg
935,/home/upload/data/H_1999_01_098_04.jpg
936,/home/upload/data/H_1999_01_099_05.jpg
937,/home/upload/data/H_1999_01_100_06.jpg
938,/home/upload/data/H_1999_01_101_07.jpg
939,/home/upload/data/H_1999_01_102_08.jpg
940,/home/upload/data/H_1999_01_103_09.jpg
941,/home/upload/data/H_1999_01_104_15.jpg
942,/home/upload/data/H_1999_01_105_16.jpg
943,/home/upload/data/H_1999_01_106_17.jpg
944,/home/upload/data/H_1999_01_107_18.jpg
945,/home/upload/data/H_1999_01_108_19.jpg
946,/home/upload/data/H_1999_01_109_20.jpg
947,/home/upload/data/H_1999_01_110_21.jpg
948,/home/upload/data/H_1999_01_111_24.jpg
949,/home/upload/data/H_1999_01_112_02.jpg
950,/home/upload/data/H_1999_01_113_03.jpg
951,/home/upload/data/H_1999_01_114_04.jpg
952,/home/upload/data/H_1999_01_115_07.jpg
953,/home/upload/data/H_1999_01_116_08.jpg
954,/home/upload/data/H_1999_01_117_09.jpg
955,/home/upload/data/H_1999_01_118_10.jpg
956,/home/upload/data/H_1999_01_119_11.jpg
957,/home/upload/data/H_1999_01_120_12.jpg
958,/home/upload/data/H_1999_01_121_13.jpg
959,/home/upload/data/H_1999_01_122_14.jpg
960,/home/upload/data/H_1999_01_123_15_1.jpg
961,/home/upload/data/H_1999_01_124_16.jpg
962,/home/upload/data/H_1999_01_125_17.jpg
963,/home/upload/data/H_1999_01_126_18.jpg
964,/home/upload/data/H_1999_01_127_19.jpg
965,/home/upload/data/H_1999_01_128_20.jpg
966,/home/upload/data/H_1999_01_129_21.jpg
867,/home/upload/data/H_1999_01_130_22.jpg
868,/home/upload/data/H_1999_01_131_23.jpg
869,/home/upload/data/H_2000_01_132_24.jpg
870,/home/upload/data/H_2000_01_133_01.jpg
871,/home/upload/data/H_2000_01_134_02.jpg
872,/home/upload/data/H_2000_01_135_03.jpg
873,/home/upload/data/H_2000_01_136_03.jpg
874,/home/upload/data/H_2000_01_137_04.jpg
875,/home/upload/data/H_2000_01_138_05.jpg
876,/home/upload/data/H_2000_01_139_06.jpg
877,/home/upload/data/H_2000_01_140_07.jpg
878,/home/upload/data/H_2000_01_141_08.jpg
879,/home/upload/data/H_2000_01_142_09.jpg
880,/home/upload/data/H_2000_01_143_10.jpg
881,/home/upload/data/H_2000_01_144_11.jpg
882,/home/upload/data/H_2000_01_145_12.jpg
883,/home/upload/data/H_2000_01_146_13.jpg
884,/home/upload/data/H_2000_01_147_14.jpg
885,/home/upload/data/H_2000_01_148_15.jpg
886,/home/upload/data/H_2000_01_149_16.jpg
887,/home/upload/data/H_2000_01_150_17.jpg
888,/home/upload/data/H_2000_01_151_18.jpg
889,/home/upload/data/H_2000_01_152_19.jpg
890,/home/upload/data/H_2000_01_153_20.jpg
891,/home/upload/data/H_2000_01_154_21.jpg
892,/home/upload/data/H_2000_01_155_22.jpg
893,/home/upload/data/H_2000_01_156_23.jpg
894,/home/upload/data/H_2000_01_157_24.jpg
895,/home/upload/data/H_2000_01_158_11.jpg
896,/home/upload/data/H_2000_01_159_15.jpg
897,/home/upload/data/H_2000_01_160_16.jpg
898,/home/upload/data/H_2000_01_161_17.jpg
899,/home/upload/data/H_2000_01_162_18.jpg
900,/home/upload/data/H_2000_01_163_19.jpg
901,/home/upload/data/H_2000_01_164_20.jpg
902,/home/upload/data/H_2000_01_165_21.jpg
903,/home/upload/data/H_2000_01_166_22.jpg
904,/home/upload/data/H_2000_01_167_23.jpg
905,/home/upload/data/H_2000_01_168.00.jpg
906,/home/upload/data/H_2000_01_169_01.jpg
907,/home/upload/data/H_2000_01_170_02.jpg
908,/home/upload/data/H_2000_01_171_03.jpg
909,/home/upload/data/H_2000_01_172_04.jpg
910,/home/upload/data/H_2000_01_173_05.jpg
911,/home/upload/data/H_2000_01_174_06.jpg
912,/home/upload/data/H_2000_01_175_07.jpg
913,/home/upload/data/H_2000_01_176_08.jpg
914,/home/upload/data/H_2000_01_177_09.jpg
915,/home/upload/data/H_2000_01_178_10.jpg
916,/home/upload/data/H_2000_01_179_11.jpg
817,/home/upload/data/H_2000_01_180_12.jpg
818,/home/upload/data/H_2000_01_181_13.jpg
819,/home/upload/data/H_2000_01_183_15.jpg
820,/home/upload/data/H_2000_01_184_16.jpg
821,/home/upload/data/H_2000_01_185_17.jpg
822,/home/upload/data/H_2000_01_186_18.jpg
823,/home/upload/data/H_2000_01_187_19.jpg
824,/home/upload/data/H_2000_01_188_20.jpg
825,/home/upload/data/H_2000_01_189_21.jpg
826,/home/upload/data/H_2000_01_190_22.jpg
827,/home/upload/data/H_2000_01_191_23.jpg
828,/home/upload/data/H_2000_01_192_24.jpg
829,/home/upload/data/H_2000_01_193_01.jpg
830,/home/upload/data/H_2000_01_194_02.jpg
831,/home/upload/data/H_2000_01_195_03.jpg
832,/home/upload/data/H_2000_01_196_04.jpg
833,/home/upload/data/H_2000_01_197_05.jpg
834,/home/upload/data/H_2000_01_198_06.jpg
835,/home/upload/data/H_2000_01_199_07.jpg
836,/home/upload/data/H_2000_01_200_08.jpg
837,/home/upload/data/H_2000_01_201_09.jpg
838,/home/upload/data/H_2000_01_202_10.jpg
839,/home/upload/data/H_2000_01_203_11.jpg
840,/home/upload/data/H_2000_01_204_12.jpg
841,/home/upload/data/H_2000_01_205_13.jpg
842,/home/upload/data/H_2000_01_206_14.jpg
843,/home/upload/data/H_2000_01_207_15.jpg
844,/home/upload/data/H_2000_01_208_16.jpg
845,/home/upload/data/H_2000_01_209_17.jpg
846,/home/upload/data/H_2000_01_210_18.jpg
847,/home/upload/data/H_2000_01_211_19.jpg
848,/home/upload/data/H_2000_01_212_20.jpg
849,/home/upload/data/H_2000_01_213_21.jpg
850,/home/upload/data/H_2000_01_214_22.jpg
851,/home/upload/data/H_2000_01_215_23.jpg
852,/home/upload/data/H_2000_01_217_25.jpg
853,/home/upload/data/H_2000_01_218_26.jpg
854,/home/upload/data/H_2000_01_219_27.jpg
855,/home/upload/data/H_2000_01_220_28.jpg
856,/home/upload/data/H_2000_01_222_30_1.jpg
857,/home/upload/data/H_2000_01_224_32.jpg
858,/home/upload/data/H_2000_01_225_33.jpg
859,/home/upload/data/H_2000_01_226_34.jpg
860,/home/upload/data/H_2000_01_227_35.jpg
861,/home/upload/data/H_2000_01_228_25.jpg
862,/home/upload/data/H_2000_01_229_26.jpg
863,/home/upload/data/H_2000_01_230_27.jpg
864,/home/upload/data/H_2000_01_231_01.jpg
865,/home/upload/data/H_2000_01_232_02.jpg
866,/home/upload/data/H_2000_01_233_03.jpg
768,/home/upload/data/H_2000_01_234_04.jpg
769,/home/upload/data/H_2000_01_235_05.jpg
770,/home/upload/data/H_2000_01_236_06.jpg
771,/home/upload/data/H_2000_01_237_07.jpg
772,/home/upload/data/H_2000_01_238_08.jpg
773,/home/upload/data/H_2000_01_239_09.jpg
774,/home/upload/data/H_2000_01_240_10.jpg
775,/home/upload/data/H_2000_01_240_10_0.jpg
776,/home/upload/data/H_2000_01_241_11.jpg
777,/home/upload/data/H_2000_01_242_12.jpg
778,/home/upload/data/H_2000_01_243_13.jpg
779,/home/upload/data/H_2000_01_244_14.jpg
780,/home/upload/data/H_2000_01_245_15.jpg
781,/home/upload/data/H_2000_01_246_16.jpg
782,/home/upload/data/H_2000_01_247_17.jpg
783,/home/upload/data/H_2000_01_248_18.jpg
784,/home/upload/data/H_2000_01_249_19.jpg
785,/home/upload/data/H_2000_01_250_20.jpg
786,/home/upload/data/H_2000_01_251_21.jpg
787,/home/upload/data/H_2000_01_252_22.jpg
788,/home/upload/data/H_2000_01_253_23.jpg
789,/home/upload/data/H_2000_01_254_24.jpg
790,/home/upload/data/H_2000_01_255_25.jpg
791,/home/upload/data/H_2000_01_256_26.jpg
792,/home/upload/data/H_2000_01_257_27.jpg
793,/home/upload/data/H_2000_01_258_28.jpg
794,/home/upload/data/H_2000_01_259_29.jpg
795,/home/upload/data/H_2000_01_260_30.jpg
796,/home/upload/data/H_2000_01_261_31.jpg
797,/home/upload/data/H_2000_01_262_32.jpg
798,/home/upload/data/H_2000_01_263_33.jpg
799,/home/upload/data/H_2000_01_264_34.jpg
800,/home/upload/data/H_2000_01_265_35.jpg
801,/home/upload/data/H_2000_01_266_36.jpg
802,/home/upload/data/H_2000_01_267_37.jpg
803,/home/upload/data/H_2000_01_268_00.jpg
804,/home/upload/data/H_2000_01_269_01.jpg
805,/home/upload/data/H_2000_01_271_03.jpg
806,/home/upload/data/H_2000_01_272_04.jpg
807,/home/upload/data/H_2000_01_273_05.jpg
808,/home/upload/data/H_2000_01_274_06.jpg
809,/home/upload/data/H_2000_01_275_07.jpg
810,/home/upload/data/H_2000_01_276_08.jpg
811,/home/upload/data/H_2000_01_277_09.jpg
812,/home/upload/data/H_2000_01_278_10.jpg
813,/home/upload/data/H_2000_01_279_11.jpg
814,/home/upload/data/H_2000_01_280_12.jpg
815,/home/upload/data/H_2000_01_281_13.jpg
816,/home/upload/data/H_2000_01_282_14.jpg
718,/home/upload/data/H_2000_01_283_15.jpg
719,/home/upload/data/H_2000_01_286_18.jpg
720,/home/upload/data/H_2000_01_287_19.jpg
721,/home/upload/data/H_2000_01_288_20.jpg
722,/home/upload/data/H_2000_01_289_21.jpg
723,/home/upload/data/H_2000_01_290_22.jpg
724,/home/upload/data/H_2000_01_291_23.jpg
725,/home/upload/data/H_2000_01_292_24.jpg
726,/home/upload/data/H_2000_01_293_25.jpg
727,/home/upload/data/H_2000_01_294_26.jpg
728,/home/upload/data/H_2000_01_295_27.jpg
729,/home/upload/data/H_2000_01_296_28.jpg
730,/home/upload/data/H_2000_01_297_29.jpg
731,/home/upload/data/H_2000_01_298_30.jpg
732,/home/upload/data/H_2000_01_299_31.jpg
733,/home/upload/data/H_2000_01_300_32.jpg
734,/home/upload/data/H_2000_01_301_33.jpg
735,/home/upload/data/H_2000_01_302_34.jpg
736,/home/upload/data/H_2000_01_303_37.jpg
737,/home/upload/data/H_2000_01_304_05.jpg
738,/home/upload/data/H_2000_01_305_06.jpg
739,/home/upload/data/H_2000_01_306_07.jpg
740,/home/upload/data/H_2000_01_307_08.jpg
741,/home/upload/data/H_2000_01_308_09.jpg
742,/home/upload/data/H_2000_01_309_10.jpg
743,/home/upload/data/H_2000_01_310_11.jpg
744,/home/upload/data/H_2000_01_312_13.jpg
745,/home/upload/data/H_2000_01_313_14.jpg
746,/home/upload/data/H_2000_01_314_15.jpg
747,/home/upload/data/H_2000_01_315_16.jpg
748,/home/upload/data/H_2000_01_316_17.jpg
749,/home/upload/data/H_2000_01_317_18.jpg
750,/home/upload/data/H_2000_01_318_19.jpg
751,/home/upload/data/H_2000_01_319_20.jpg
752,/home/upload/data/H_2000_01_320_21.jpg
753,/home/upload/data/H_2000_01_321_22.jpg
754,/home/upload/data/H_2000_01_322_23.jpg
755,/home/upload/data/H_2000_01_323_24.jpg
756,/home/upload/data/H_2000_01_324_25.jpg
757,/home/upload/data/H_2000_01_325_26.jpg
758,/home/upload/data/H_2000_01_326_27.jpg
759,/home/upload/data/H_2000_01_327_28.jpg
760,/home/upload/data/H_2000_01_328_29.jpg
761,/home/upload/data/H_2000_01_329_30.jpg
762,/home/upload/data/H_2000_01_330_31.jpg
763,/home/upload/data/H_2000_01_333_34.jpg
764,/home/upload/data/H_2000_01_334_35.jpg
765,/home/upload/data/H_2000_01_335_01.jpg
766,/home/upload/data/H_2000_01_336_02.jpg
767,/home/upload/data/H_2000_01_337_03.jpg
668,/home/upload/data/H_2000_01_338_04.jpg
669,/home/upload/data/H_2000_01_339_05.jpg
670,/home/upload/data/H_2000_01_340_06.jpg
671,/home/upload/data/H_2000_01_341_07.jpg
672,/home/upload/data/H_2000_01_342_08.jpg
673,/home/upload/data/H_2000_01_343_09.jpg
674,/home/upload/data/H_2000_01_344_10.jpg
675,/home/upload/data/H_2000_01_345_12.jpg
676,/home/upload/data/H_2000_01_346_13.jpg
677,/home/upload/data/H_2000_01_347_14.jpg
678,/home/upload/data/H_2000_01_348_15.jpg
679,/home/upload/data/H_2000_01_349_20.jpg
680,/home/upload/data/H_2000_01_350_24.jpg
681,/home/upload/data/H_2000_01_351_25.jpg
682,/home/upload/data/H_2000_01_352_26.jpg
683,/home/upload/data/H_2000_01_353_27.jpg
684,/home/upload/data/H_2000_01_354_28.jpg
685,/home/upload/data/H_2000_01_355_29.jpg
686,/home/upload/data/H_2000_01_356_30.jpg
687,/home/upload/data/H_2000_01_357_31.jpg
688,/home/upload/data/H_2000_01_357_31_0.jpg
689,/home/upload/data/H_2000_01_358_32.jpg
690,/home/upload/data/H_2000_01_359_01.jpg
691,/home/upload/data/H_2000_01_360_02.jpg
692,/home/upload/data/H_2000_01_361_03.jpg
693,/home/upload/data/H_2000_01_363_05.jpg
694,/home/upload/data/H_2000_01_364_06.jpg
695,/home/upload/data/H_2000_01_365_07.jpg
696,/home/upload/data/H_2000_01_366_08.jpg
697,/home/upload/data/H_2000_01_367_09.jpg
698,/home/upload/data/H_2000_01_368_10.jpg
699,/home/upload/data/H_2000_01_369_11.jpg
700,/home/upload/data/H_2000_01_370_12.jpg
701,/home/upload/data/H_2000_01_371_13.jpg
702,/home/upload/data/H_2000_01_372_14.jpg
703,/home/upload/data/H_2000_01_374_16.jpg
704,/home/upload/data/H_2000_01_375_17.jpg
705,/home/upload/data/H_2000_01_376_18.jpg
706,/home/upload/data/H_2000_01_377_19.jpg
707,/home/upload/data/H_2000_01_378_20.jpg
708,/home/upload/data/H_2000_01_379_21.jpg
709,/home/upload/data/H_2000_01_380_22.jpg
710,/home/upload/data/H_2000_01_381_23.jpg
711,/home/upload/data/H_2000_01_382_24.jpg
712,/home/upload/data/H_2000_01_383_25.jpg
713,/home/upload/data/H_2000_01_384_26.jpg
714,/home/upload/data/H_2000_01_385_27.jpg
715,/home/upload/data/H_2000_01_386_28.jpg
716,/home/upload/data/H_2000_01_387_29.jpg
717,/home/upload/data/H_2000_01_388_30.jpg
618,/home/upload/data/H_2000_01_389_31.jpg
619,/home/upload/data/H_2000_01_390_32.jpg
620,/home/upload/data/H_2000_01_391_33.jpg
621,/home/upload/data/H_2000_01_392_34.jpg
622,/home/upload/data/H_2000_01_393_00.jpg
623,/home/upload/data/H_2000_01_394_01.jpg
624,/home/upload/data/H_2000_01_395_02.jpg
625,/home/upload/data/H_2000_01_396_03.jpg
626,/home/upload/data/H_2000_01_397_04.jpg
627,/home/upload/data/H_2000_01_398_05.jpg
628,/home/upload/data/H_2000_01_399_05a.jpg
629,/home/upload/data/H_2000_01_400_05b.jpg
630,/home/upload/data/H_2000_01_401_06.jpg
631,/home/upload/data/H_2000_01_402_07.jpg
632,/home/upload/data/H_2000_01_403_08.jpg
633,/home/upload/data/H_2000_01_404_09.jpg
634,/home/upload/data/H_2000_01_405_10.jpg
635,/home/upload/data/H_2000_01_406_11.jpg
636,/home/upload/data/H_2000_01_407_12.jpg
637,/home/upload/data/H_2000_01_408_13.jpg
638,/home/upload/data/H_2000_01_409_14a.jpg
639,/home/upload/data/H_2000_01_410_15.jpg
640,/home/upload/data/H_2000_01_411_16.jpg
641,/home/upload/data/H_2000_01_412_17.jpg
642,/home/upload/data/H_2000_01_413_18.jpg
643,/home/upload/data/H_2000_01_414_19.jpg
644,/home/upload/data/H_2000_01_415_20.jpg
645,/home/upload/data/H_2000_01_416_21.jpg
646,/home/upload/data/H_2000_01_417_22.jpg
647,/home/upload/data/H_2000_01_418_23.jpg
648,/home/upload/data/H_2000_01_419_24.jpg
649,/home/upload/data/H_2000_01_420_25.jpg
650,/home/upload/data/H_2000_01_421_26.jpg
651,/home/upload/data/H_2000_01_422_27.jpg
652,/home/upload/data/H_2000_01_423_28.jpg
653,/home/upload/data/H_2000_01_424_29.jpg
654,/home/upload/data/H_2000_01_425_30.jpg
655,/home/upload/data/H_2000_01_426_31.jpg
656,/home/upload/data/H_2000_01_427_32.jpg
657,/home/upload/data/H_2000_01_428_33.jpg
658,/home/upload/data/H_2000_01_429_34.jpg
659,/home/upload/data/H_2000_01_430_35.jpg
660,/home/upload/data/H_2000_01_431_36.jpg
661,/home/upload/data/H_2000_01_432_01.jpg
662,/home/upload/data/H_2000_01_433_02.jpg
663,/home/upload/data/H_2000_01_434_03.jpg
664,/home/upload/data/H_2000_01_435_04.jpg
665,/home/upload/data/H_2000_01_436_05.jpg
666,/home/upload/data/H_2000_01_437_00.jpg
667,/home/upload/data/H_2000_01_438_00.jpg
569,/home/upload/data/H_2004_01_439_00.jpg
570,/home/upload/data/H_2004_01_440_00.jpg
571,/home/upload/data/H_2004_01_441_00.jpg
572,/home/upload/data/H_2004_01_442_00.jpg
1596,/home/upload/data/Hotel%20Alexander.jpg
1596,/home/upload/data/CP_2000_04_017_17.jpg
32,/home/upload/data/IMAG0661_BURST002_COVER.jpg
6,/home/upload/data/IMAG0760.jpg
5,/home/upload/data/IMAG0812.jpg
1755,/home/upload/data/IMG_1706.JPG
1755,/home/upload/data/IMG_1702.JPG
1755,/home/upload/data/IMG_1699.JPG
1754,/home/upload/data/IMG_1729.jpg
1754,/home/upload/data/IMG_1709.JPG
1754,/home/upload/data/IMG_1710.JPG
1754,/home/upload/data/IMG_1712.JPG
1754,/home/upload/data/IMG_1713.JPG
15,/home/upload/data/Installation2.jpg
574,/home/upload/data/MC_2004_06_001.jpg
575,/home/upload/data/MC_2004_06_002.jpg
576,/home/upload/data/MC_2004_06_003.jpg
577,/home/upload/data/MC_2004_06_004.jpg
578,/home/upload/data/MC_2004_06_005.jpg
579,/home/upload/data/MC_2004_06_006.jpg
580,/home/upload/data/MC_2004_06_007.jpg
581,/home/upload/data/MC_2004_06_008.jpg
282,/home/upload/data/MIC_2004_08_0001_00.jpg
583,/home/upload/data/MIC_2004_08_0001_00_0.jpg
584,/home/upload/data/MIC_2004_08_0002_00.jpg
585,/home/upload/data/MIC_2004_08_0003_00.jpg
586,/home/upload/data/MIC_2004_08_0004_00.jpg
281,/home/upload/data/MIC_2004_08_0005_00.jpg
587,/home/upload/data/MIC_2004_08_0005_00_0.jpg
280,/home/upload/data/MIC_2004_08_0006_00.jpg
588,/home/upload/data/MIC_2004_08_0006_00_0.jpg
279,/home/upload/data/MIC_2004_08_0007_00.jpg
589,/home/upload/data/MIC_2004_08_0007_00_0.jpg
590,/home/upload/data/MIC_2004_08_0008_00.jpg
591,/home/upload/data/MIC_2004_08_0009_00.jpg
278,/home/upload/data/MIC_2004_08_0010_00.jpg
592,/home/upload/data/MIC_2004_08_0010_00_0.jpg
277,/home/upload/data/MIC_2004_08_0011_00.jpg
594,/home/upload/data/MIC_2004_08_0011_00_0.jpg
595,/home/upload/data/MIC_2004_08_0012_00.jpg
276,/home/upload/data/MIC_2004_08_0012_00_1.jpg
246,/home/upload/data/MIC_2004_08_0013_00.jpg
596,/home/upload/data/MIC_2004_08_0013_00_0.jpg
597,/home/upload/data/MIC_2004_08_0014_00.jpg
275,/home/upload/data/MIC_2004_08_0015_00.jpg
598,/home/upload/data/MIC_2004_08_0015_00_0.jpg
245,/home/upload/data/MIC_2004_08_0016_00.jpg
599,/home/upload/data/MIC_2004_08_0016_00_0.jpg
600,/home/upload/data/MIC_2004_08_0017_00.jpg
601,/home/upload/data/MIC_2004_08_0018_00.jpg
274,/home/upload/data/MIC_2004_08_0019_00.jpg
602,/home/upload/data/MIC_2004_08_0019_00_0.jpg
603,/home/upload/data/MIC_2004_08_0020_00.jpg
273,/home/upload/data/MIC_2004_08_0021_00.jpg
604,/home/upload/data/MIC_2004_08_0021_00_0.jpg
272,/home/upload/data/MIC_2004_08_0022_00.jpg
605,/home/upload/data/MIC_2004_08_0022_00_0.jpg
271,/home/upload/data/MIC_2004_08_0023_00.jpg
606,/home/upload/data/MIC_2004_08_0023_00_0.jpg
270,/home/upload/data/MIC_2004_08_0024_00.jpg
269,/home/upload/data/MIC_2004_08_0025_02.jpg
609,/home/upload/data/MIC_2004_08_0025_02_0.jpg
268,/home/upload/data/MIC_2004_08_0026_03.jpg
610,/home/upload/data/MIC_2004_08_0026_03_0.jpg
267,/home/upload/data/MIC_2004_08_0027_10.jpg
611,/home/upload/data/MIC_2004_08_0027_10_0.jpg
266,/home/upload/data/MIC_2004_08_0028_11.jpg
612,/home/upload/data/MIC_2004_08_0028_11_0.jpg
265,/home/upload/data/MIC_2004_08_0029_08.jpg
613,/home/upload/data/MIC_2004_08_0029_08_0.jpg
264,/home/upload/data/MIC_2004_08_0030_00.jpg
614,/home/upload/data/MIC_2004_08_0030_00_0.jpg
263,/home/upload/data/MIC_2004_08_0031_05.jpg
615,/home/upload/data/MIC_2004_08_0031_05_0.jpg
616,/home/upload/data/MIC_2004_08_0031_05_1.jpg
617,/home/upload/data/MIC_2004_08_0031_05_2.jpg
262,/home/upload/data/MIC_2004_08_0032_00.jpg
537,/home/upload/data/MIC_2004_08_0032_00_0.jpg
261,/home/upload/data/MIC_2004_08_0033_00.jpg
538,/home/upload/data/MIC_2004_08_0033_00_0.jpg
260,/home/upload/data/MIC_2004_08_0034_00.jpg
539,/home/upload/data/MIC_2004_08_0034_00_0.jpg
259,/home/upload/data/MIC_2004_08_0035_02.jpg
540,/home/upload/data/MIC_2004_08_0035_02_0.jpg
541,/home/upload/data/MIC_2004_08_0036_03.jpg
258,/home/upload/data/MIC_2004_08_0037_04.jpg
542,/home/upload/data/MIC_2004_08_0037_04_0.jpg
257,/home/upload/data/MIC_2004_08_0038_05.jpg
543,/home/upload/data/MIC_2004_08_0038_05_0.jpg
256,/home/upload/data/MIC_2004_08_0039_06.jpg
544,/home/upload/data/MIC_2004_08_0039_06_0.jpg
255,/home/upload/data/MIC_2004_08_0040_07.jpg
545,/home/upload/data/MIC_2004_08_0040_07_0.jpg
254,/home/upload/data/MIC_2004_08_0041_08.jpg
546,/home/upload/data/MIC_2004_08_0041_08_0.jpg
547,/home/upload/data/MIC_2004_08_0042_09.jpg
548,/home/upload/data/MIC_2004_08_0043_10.jpg
253,/home/upload/data/MIC_2004_08_0044_11.jpg
549,/home/upload/data/MIC_2004_08_0044_11_0.jpg
550,/home/upload/data/MIC_2004_08_0045_12.jpg
252,/home/upload/data/MIC_2004_08_0046_13.jpg
551,/home/upload/data/MIC_2004_08_0046_13_0.jpg
552,/home/upload/data/MIC_2004_08_0047_14.jpg
238,/home/upload/data/MIC_2004_08_0048_15.jpg
553,/home/upload/data/MIC_2004_08_0048_15_0.jpg
237,/home/upload/data/MIC_2004_08_0049_16.jpg
554,/home/upload/data/MIC_2004_08_0049_16_0.jpg
236,/home/upload/data/MIC_2004_08_0050_17.jpg
555,/home/upload/data/MIC_2004_08_0050_17_0.jpg
235,/home/upload/data/MIC_2004_08_0051_18.jpg
556,/home/upload/data/MIC_2004_08_0051_18_0.jpg
234,/home/upload/data/MIC_2004_08_0052_19.jpg
557,/home/upload/data/MIC_2004_08_0052_19_0.jpg
233,/home/upload/data/MIC_2004_08_0053_20.jpg
558,/home/upload/data/MIC_2004_08_0054_21.jpg
232,/home/upload/data/MIC_2004_08_0054_21_0.jpg
231,/home/upload/data/MIC_2004_08_0055_22.jpg
559,/home/upload/data/MIC_2004_08_0055_22_0.jpg
560,/home/upload/data/MIC_2004_08_0055_22_1.jpg
230,/home/upload/data/MIC_2004_08_0056_23.jpg
561,/home/upload/data/MIC_2004_08_0056_23_0.jpg
562,/home/upload/data/MIC_2004_08_0057_24.jpg
563,/home/upload/data/MIC_2004_08_0058_25.jpg
564,/home/upload/data/MIC_2004_08_0059_26.jpg
565,/home/upload/data/MIC_2004_08_0060_27.jpg
566,/home/upload/data/MIC_2004_08_0061_28.jpg
567,/home/upload/data/MIC_2004_08_0062_29.jpg
568,/home/upload/data/MIC_2004_08_0063_30.jpg
489,/home/upload/data/MIC_2004_08_0064_31.jpg
490,/home/upload/data/MIC_2004_08_0065_32.jpg
229,/home/upload/data/MIC_2004_08_0066_33.jpg
491,/home/upload/data/MIC_2004_08_0066_33_0.jpg
228,/home/upload/data/MIC_2004_08_0067_23_0.jpg
227,/home/upload/data/MIC_2004_08_0068_24.jpg
226,/home/upload/data/MIC_2004_08_0069_25.jpg
493,/home/upload/data/MIC_2004_08_0069_25_0.jpg
225,/home/upload/data/MIC_2004_08_0071_26.jpg
495,/home/upload/data/MIC_2004_08_0071_26_0.jpg
224,/home/upload/data/MIC_2004_08_0072_27.jpg
496,/home/upload/data/MIC_2004_08_0072_27_0.jpg
497,/home/upload/data/MIC_2004_08_0073_28.jpg
498,/home/upload/data/MIC_2004_08_0074_29.jpg
223,/home/upload/data/MIC_2004_08_0074_29_0.jpg
222,/home/upload/data/MIC_2004_08_0075_30.jpg
221,/home/upload/data/MIC_2004_08_0076_31.jpg
220,/home/upload/data/MIC_2004_08_0077_32.jpg
219,/home/upload/data/MIC_2004_08_0078_33.jpg
503,/home/upload/data/MIC_2004_08_0079_34.jpg
504,/home/upload/data/MIC_2004_08_0080_35.jpg
218,/home/upload/data/MIC_2004_08_0081_36.jpg
251,/home/upload/data/MIC_2004_08_0082_17.jpg
506,/home/upload/data/MIC_2004_08_0082_17_0.jpg
250,/home/upload/data/MIC_2004_08_0083_18.jpg
507,/home/upload/data/MIC_2004_08_0083_18_0.jpg
249,/home/upload/data/MIC_2004_08_0084_19.jpg
248,/home/upload/data/MIC_2004_08_0085.jpg
510,/home/upload/data/MIC_2004_08_0086.jpg
247,/home/upload/data/MIC_2004_08_0087.jpg
512,/home/upload/data/MIC_2004_08_0088.jpg
244,/home/upload/data/MIC_2004_08_0089.jpg
514,/home/upload/data/MIC_2004_08_0090.jpg
515,/home/upload/data/MIC_2004_08_0091.jpg
243,/home/upload/data/MIC_2004_08_0091_0.jpg
242,/home/upload/data/MIC_2004_08_0092.jpg
517,/home/upload/data/MIC_2004_08_0093.jpg
241,/home/upload/data/MIC_2004_08_0094_00.jpg
519,/home/upload/data/MIC_2004_08_0095_15.jpg
240,/home/upload/data/MIC_2004_08_0096_19.jpg
521,/home/upload/data/MIC_2004_08_0097_20.jpg
522,/home/upload/data/MIC_2004_08_0098_23.jpg
524,/home/upload/data/MIC_2004_08_0100_25.jpg
525,/home/upload/data/MIC_2004_08_0101_26.jpg
239,/home/upload/data/MIC_2004_08_0102_27.jpg
217,/home/upload/data/MIC_2004_08_0103_28.jpg
528,/home/upload/data/MIC_2004_08_0103_28_0.jpg
216,/home/upload/data/MIC_2004_08_0104_29.jpg
215,/home/upload/data/MIC_2004_08_0105.jpg
214,/home/upload/data/MIC_2004_08_0105b.jpg
213,/home/upload/data/MIC_2004_08_0106.jpg
531,/home/upload/data/MIC_2004_08_0106_0.jpg
532,/home/upload/data/MIC_2004_08_0107_30.jpg
212,/home/upload/data/MIC_2004_08_0108_31.jpg
211,/home/upload/data/MIC_2004_08_0109_30.jpg
534,/home/upload/data/MIC_2004_08_0109_30_0.jpg
209,/home/upload/data/MIC_2004_08_0110_31.jpg
535,/home/upload/data/MIC_2004_08_0110_31_1.jpg
536,/home/upload/data/MIC_2004_08_0111_32.jpg
210,/home/upload/data/MIC_2004_08_0111_32.jpg
208,/home/upload/data/MIC_2004_08_0112_33.jpg
207,/home/upload/data/MIC_2004_08_0113_34.jpg
206,/home/upload/data/MIC_2004_08_0114_35.jpg
441,/home/upload/data/MIC_2004_08_0114_35_0.jpg
205,/home/upload/data/MIC_2004_08_0115_36.jpg
442,/home/upload/data/MIC_2004_08_0115_36_0.jpg
443,/home/upload/data/MIC_2004_08_0116_36a.jpg
445,/home/upload/data/MIC_2004_08_0118_01.jpg
1407,/home/upload/data/MIC_2004_08_0118_01_0.jpg
446,/home/upload/data/MIC_2004_08_0119_02.jpg
204,/home/upload/data/MIC_2004_08_0120_03.jpg
447,/home/upload/data/MIC_2004_08_0120_03_0.jpg
203,/home/upload/data/MIC_2004_08_0121_04.jpg
448,/home/upload/data/MIC_2004_08_0121_04_0.jpg
201,/home/upload/data/MIC_2004_08_0122_10.jpg
202,/home/upload/data/MIC_2004_08_0122_10_0.jpg
449,/home/upload/data/MIC_2004_08_0122_10_1.jpg
200,/home/upload/data/MIC_2004_08_0123_11.jpg
450,/home/upload/data/MIC_2004_08_0123_11_0.jpg
199,/home/upload/data/MIC_2004_08_0124_12.jpg
451,/home/upload/data/MIC_2004_08_0124_12_0.jpg
198,/home/upload/data/MIC_2004_08_0125_13.jpg
452,/home/upload/data/MIC_2004_08_0125_13_0.jpg
453,/home/upload/data/MIC_2004_08_0126_14.jpg
197,/home/upload/data/MIC_2004_08_0127_16.jpg
454,/home/upload/data/MIC_2004_08_0127_16_0.jpg
196,/home/upload/data/MIC_2004_08_0128_19.jpg
195,/home/upload/data/MIC_2004_08_0129_20.jpg
456,/home/upload/data/MIC_2004_08_0129_20_0.jpg
194,/home/upload/data/MIC_2004_08_0130_21.jpg
457,/home/upload/data/MIC_2004_08_0130_21_0.jpg
458,/home/upload/data/MIC_2004_08_0131_22.jpg
193,/home/upload/data/MIC_2004_08_0132_23.jpg
459,/home/upload/data/MIC_2004_08_0132_23_0.jpg
460,/home/upload/data/MIC_2004_08_0133_24.jpg
192,/home/upload/data/MIC_2004_08_0134_25.jpg
461,/home/upload/data/MIC_2004_08_0134_25_0.jpg
191,/home/upload/data/MIC_2004_08_0135_26.jpg
462,/home/upload/data/MIC_2004_08_0135_26_0.jpg
190,/home/upload/data/MIC_2004_08_0136_27.jpg
463,/home/upload/data/MIC_2004_08_0136_27_0.jpg
189,/home/upload/data/MIC_2004_08_0137_29.jpg
1756,/home/upload/data/MIC_2004_08_0138_27.jpg
466,/home/upload/data/MIC_2004_08_0139_30.jpg
188,/home/upload/data/MIC_2004_08_0140_31.jpg
467,/home/upload/data/MIC_2004_08_0140_31_0.jpg
187,/home/upload/data/MIC_2004_08_0141_32.jpg
468,/home/upload/data/MIC_2004_08_0141_32_0.jpg
186,/home/upload/data/MIC_2004_08_0142_33.jpg
470,/home/upload/data/MIC_2004_08_0142_33_0.jpg
471,/home/upload/data/MIC_2004_08_0143_34.jpg
185,/home/upload/data/MIC_2004_08_0144_00.jpg
472,/home/upload/data/MIC_2004_08_0144_00_0.jpg
184,/home/upload/data/MIC_2004_08_0145_00.jpg
183,/home/upload/data/MIC_2004_08_0145_00_0.jpg
473,/home/upload/data/MIC_2004_08_0145_00_1.jpg
182,/home/upload/data/MIC_2004_08_0146_01.jpg
474,/home/upload/data/MIC_2004_08_0146_01_0.jpg
475,/home/upload/data/MIC_2004_08_0146_01_1.jpg
181,/home/upload/data/MIC_2004_08_0147_02.jpg
476,/home/upload/data/MIC_2004_08_0147_02_0.jpg
180,/home/upload/data/MIC_2004_08_0148_03.jpg
477,/home/upload/data/MIC_2004_08_0148_03_0.jpg
179,/home/upload/data/MIC_2004_08_0149_04.jpg
478,/home/upload/data/MIC_2004_08_0149_04_0.jpg
178,/home/upload/data/MIC_2004_08_0150_05.jpg
479,/home/upload/data/MIC_2004_08_0150_05_0.jpg
177,/home/upload/data/MIC_2004_08_0151_00.jpg
480,/home/upload/data/MIC_2004_08_0151_00_0.jpg
176,/home/upload/data/MIC_2004_08_0152_00.jpg
481,/home/upload/data/MIC_2004_08_0152_00_0.jpg
175,/home/upload/data/MIC_2004_08_0153_00.jpg
482,/home/upload/data/MIC_2004_08_0153_00_0.jpg
174,/home/upload/data/MIC_2004_08_0154_00.jpg
483,/home/upload/data/MIC_2004_08_0154_00_0.jpg
173,/home/upload/data/MIC_2004_08_0155_00.jpg
484,/home/upload/data/MIC_2004_08_0155_00_0.jpg
172,/home/upload/data/MIC_2004_08_0156_00.jpg
485,/home/upload/data/MIC_2004_08_0156_00_0.jpg
171,/home/upload/data/MIC_2004_08_0157_00.jpg
486,/home/upload/data/MIC_2004_08_0157_00_0.jpg
487,/home/upload/data/MIC_2004_08_0158_00.jpg
170,/home/upload/data/MIC_2004_08_0158_00_0.jpg
169,/home/upload/data/MIC_2004_08_0159_00.jpg
488,/home/upload/data/MIC_2004_08_0159_00_0.jpg
168,/home/upload/data/MIC_2004_08_0160_00.jpg
392,/home/upload/data/MIC_2004_08_0160_00_0.jpg
167,/home/upload/data/MIC_2004_08_0161_00.jpg
393,/home/upload/data/MIC_2004_08_0161_00_0.jpg
394,/home/upload/data/MIC_2004_08_0162.jpg
166,/home/upload/data/MIC_2004_08_0162_00.jpg
165,/home/upload/data/MIC_2004_08_0163_00.jpg
395,/home/upload/data/MIC_2004_08_0163_00_0.jpg
164,/home/upload/data/MIC_2004_08_0164_00.jpg
396,/home/upload/data/MIC_2004_08_0164_00_0.jpg
163,/home/upload/data/MIC_2004_08_0165_00.jpg
397,/home/upload/data/MIC_2004_08_0165_00_0.jpg
162,/home/upload/data/MIC_2004_08_0166_03.jpg
398,/home/upload/data/MIC_2004_08_0167_04.jpg
399,/home/upload/data/MIC_2004_08_0168_10.jpg
400,/home/upload/data/MIC_2004_08_0169_11.jpg
161,/home/upload/data/MIC_2004_08_0170_12.jpg
401,/home/upload/data/MIC_2004_08_0170_12_0.jpg
160,/home/upload/data/MIC_2004_08_0171_13.jpg
402,/home/upload/data/MIC_2004_08_0171_13_0.jpg
159,/home/upload/data/MIC_2004_08_0172_00.jpg
403,/home/upload/data/MIC_2004_08_0172_00_0.jpg
404,/home/upload/data/MIC_2004_08_0173_00.jpg
158,/home/upload/data/MIC_2004_08_0173_00_0.jpg
405,/home/upload/data/MIC_2004_08_0174_00.jpg
157,/home/upload/data/MIC_2004_08_0174_00_0.jpg
406,/home/upload/data/MIC_2004_08_0175_00.jpg
154,/home/upload/data/MIC_2004_08_0177_00.jpg
155,/home/upload/data/MIC_2004_08_0177_00_0.jpg
408,/home/upload/data/MIC_2004_08_0177_00_1.jpg
409,/home/upload/data/MIC_2004_08_0178_00.jpg
153,/home/upload/data/MIC_2004_08_0179_00.jpg
152,/home/upload/data/MIC_2004_08_0179_00_0.jpg
410,/home/upload/data/MIC_2004_08_0179_00_1.jpg
1757,/home/upload/data/MIC_2004_08_0180_00.jpg
411,/home/upload/data/MIC_2004_08_0180_00.jpg
150,/home/upload/data/MIC_2004_08_0181_00.jpg
151,/home/upload/data/MIC_2004_08_0181_00_0.jpg
412,/home/upload/data/MIC_2004_08_0181_00_1.jpg
413,/home/upload/data/MIC_2004_08_0182_00.jpg
149,/home/upload/data/MIC_2004_08_0183_00.jpg
147,/home/upload/data/MIC_2004_08_0183_00_0.jpg
148,/home/upload/data/MIC_2004_08_0183_00_0_0.jpg
414,/home/upload/data/MIC_2004_08_0183_00_1.jpg
415,/home/upload/data/MIC_2004_08_0184_00.jpg
1758,/home/upload/data/MIC_2004_08_0185_00.jpg
416,/home/upload/data/MIC_2004_08_0185_00.jpg
146,/home/upload/data/MIC_2004_08_0186_00.jpg
417,/home/upload/data/MIC_2004_08_0186_00_0.jpg
145,/home/upload/data/MIC_2004_08_0187_00.jpg
418,/home/upload/data/MIC_2004_08_0187_00_0.jpg
144,/home/upload/data/MIC_2004_08_0188_00.jpg
419,/home/upload/data/MIC_2004_08_0188_00_0.jpg
143,/home/upload/data/MIC_2004_08_0189_00.jpg
420,/home/upload/data/MIC_2004_08_0189_00_0.jpg
142,/home/upload/data/MIC_2004_08_0190_00.jpg
421,/home/upload/data/MIC_2004_08_0190_00_0.jpg
141,/home/upload/data/MIC_2004_08_0191_00.jpg
422,/home/upload/data/MIC_2004_08_0191_00_0.jpg
140,/home/upload/data/MIC_2004_08_0192_00.jpg
423,/home/upload/data/MIC_2004_08_0192_00_0.jpg
139,/home/upload/data/MIC_2004_08_0193_00.jpg
424,/home/upload/data/MIC_2004_08_0193_00_0.jpg
425,/home/upload/data/MIC_2004_08_0193_00_1.jpg
138,/home/upload/data/MIC_2004_08_0194_00.jpg
426,/home/upload/data/MIC_2004_08_0194_00_0.jpg
137,/home/upload/data/MIC_2004_08_0195_00.jpg
427,/home/upload/data/MIC_2004_08_0195_00_0.jpg
428,/home/upload/data/MIC_2004_08_0196_00.jpg
429,/home/upload/data/MIC_2004_08_0197_07.jpg
430,/home/upload/data/MIC_2004_08_0198_00.jpg
136,/home/upload/data/MIC_2004_08_0199_00.jpg
135,/home/upload/data/MIC_2004_08_0200_08.jpg
134,/home/upload/data/MIC_2004_08_0201_01.jpg
432,/home/upload/data/MIC_2004_08_0201_01_0.jpg
133,/home/upload/data/MIC_2004_08_0202_02.jpg
433,/home/upload/data/MIC_2004_08_0202_02_0.jpg
434,/home/upload/data/MIC_2004_08_0202_02_1.jpg
132,/home/upload/data/MIC_2004_08_0203_03.jpg
435,/home/upload/data/MIC_2004_08_0203_03_0.jpg
131,/home/upload/data/MIC_2004_08_0204_04.jpg
436,/home/upload/data/MIC_2004_08_0204_04_0.jpg
437,/home/upload/data/MIC_2004_08_0206_06.jpg
130,/home/upload/data/MIC_2004_08_0206_06_0.jpg
129,/home/upload/data/MIC_2004_08_0207_07.jpg
438,/home/upload/data/MIC_2004_08_0207_07_0.jpg
128,/home/upload/data/MIC_2004_08_0208_08.jpg
343,/home/upload/data/MIC_2004_08_0208_08_0.jpg
127,/home/upload/data/MIC_2004_08_0209_09.jpg
344,/home/upload/data/MIC_2004_08_0209_09_0.jpg
345,/home/upload/data/MIC_2004_08_0210_10.jpg
126,/home/upload/data/MIC_2004_08_0211_11.jpg
346,/home/upload/data/MIC_2004_08_0211_11_0.jpg
125,/home/upload/data/MIC_2004_08_0212_12.jpg
347,/home/upload/data/MIC_2004_08_0212_12_0.jpg
124,/home/upload/data/MIC_2004_08_0213_13.jpg
348,/home/upload/data/MIC_2004_08_0213_13_0.jpg
123,/home/upload/data/MIC_2004_08_0214_14.jpg
349,/home/upload/data/MIC_2004_08_0214_14_0.jpg
122,/home/upload/data/MIC_2004_08_0215.15.jpg
121,/home/upload/data/MIC_2004_08_0216_16.jpg
351,/home/upload/data/MIC_2004_08_0216_16_0.jpg
352,/home/upload/data/MIC_2004_08_0217_17.jpg
120,/home/upload/data/MIC_2004_08_0218_18.jpg
353,/home/upload/data/MIC_2004_08_0218_18_0.jpg
1759,/home/upload/data/MIC_2004_08_0219_19.jpg
354,/home/upload/data/MIC_2004_08_0219_19.jpg
119,/home/upload/data/MIC_2004_08_0220_20.jpg
355,/home/upload/data/MIC_2004_08_0220_20_0.jpg
117,/home/upload/data/MIC_2004_08_0221_21.jpg
356,/home/upload/data/MIC_2004_08_0221_21_0.jpg
118,/home/upload/data/MIC_2004_08_0222_22.jpg
357,/home/upload/data/MIC_2004_08_0222_22_0.jpg
358,/home/upload/data/MIC_2004_08_0222_22_1.jpg
116,/home/upload/data/MIC_2004_08_0223_23.jpg
359,/home/upload/data/MIC_2004_08_0223_23_0.jpg
360,/home/upload/data/MIC_2004_08_0224_24.jpg
115,/home/upload/data/MIC_2004_08_0225_25.jpg
361,/home/upload/data/MIC_2004_08_0225_25_0.jpg
76,/home/upload/data/MIC_2004_08_0226_06.jpg
156,/home/upload/data/MIC_2004_08_176_00.jpg
58,/home/upload/data/MIC_2013_08_256_00_0.jpg
57,/home/upload/data/MIC_2013_08_257_00.jpg
59,/home/upload/data/MIC_2013_08_258_00.jpg
56,/home/upload/data/MIC_2013_08_260_00_0.jpg
55,/home/upload/data/MIC_2013_08_261_00_0.jpg
54,/home/upload/data/MIC_2013_08_262_00_0.jpg
53,/home/upload/data/MIC_2013_08_264_00_1.jpg
42,/home/upload/data/MIC_2013_08_265_00.jpg
41,/home/upload/data/MIC_2013_08_266_00.jpg
44,/home/upload/data/MIC_2013_08_267_00.jpg
43,/home/upload/data/MIC_2013_08_268_00.jpg
46,/home/upload/data/MIC_2013_08_269_00.jpg
45,/home/upload/data/MIC_2013_08_270_00.jpg
40,/home/upload/data/MIC_2013_08_271_00.jpg
47,/home/upload/data/MIC_2013_08_272_00.jpg
50,/home/upload/data/MIC_2013_08_273_00.jpg
48,/home/upload/data/MIC_2013_08_274_00.jpg
49,/home/upload/data/MIC_2013_08_275_00.jpg
51,/home/upload/data/MIC_2013_08_276_00.jpg
52,/home/upload/data/MIC_2013_08_277_00.jpg
362,/home/upload/data/MP_2000_03_001_01.jpg
363,/home/upload/data/MP_2000_03_002_02.jpg
364,/home/upload/data/MP_2000_03_003_03.jpg
365,/home/upload/data/MP_2000_03_004_04.jpg
366,/home/upload/data/MP_2000_03_005_05.jpg
367,/home/upload/data/MP_2000_03_006_06.jpg
368,/home/upload/data/MP_2000_03_007_07.jpg
369,/home/upload/data/MP_2000_03_008_08.jpg
370,/home/upload/data/MP_2000_03_009_09.jpg
371,/home/upload/data/MP_2000_03_010_10.jpg
372,/home/upload/data/MP_2000_03_011_11.jpg
373,/home/upload/data/MP_2000_03_012_12.jpg
374,/home/upload/data/MP_2000_03_013_13.jpg
375,/home/upload/data/MP_2000_03_013_13_0.jpg
376,/home/upload/data/MP_2000_03_014_14.jpg
377,/home/upload/data/MP_2000_03_015_15.jpg
378,/home/upload/data/MP_2000_03_016_16.jpg
379,/home/upload/data/MP_2000_03_017_17.jpg
380,/home/upload/data/MP_2000_03_018_18.jpg
381,/home/upload/data/MP_2000_03_019_19.jpg
382,/home/upload/data/MP_2000_03_020_20.jpg
383,/home/upload/data/MP_2000_03_021_21.jpg
384,/home/upload/data/MP_2000_03_022_22.jpg
385,/home/upload/data/MP_2000_03_023_23.jpg
386,/home/upload/data/MP_2000_03_024_24.jpg
387,/home/upload/data/MP_2000_03_025_28.jpg
388,/home/upload/data/MP_2000_03_026_29.jpg
389,/home/upload/data/MP_2000_03_027_30.jpg
390,/home/upload/data/MP_2000_03_028_31.jpg
391,/home/upload/data/MP_2000_03_029_32.jpg
293,/home/upload/data/MP_2005_03_030_00.jpg
294,/home/upload/data/MP_2005_03_031_00.jpg
295,/home/upload/data/MP_2005_03_032_00.jpg
296,/home/upload/data/MP_2005_03_033_00.jpg
298,/home/upload/data/MP_2005_03_035_00.jpg
301,/home/upload/data/MP_2005_03_038_00.jpg
302,/home/upload/data/MP_2005_03_039_00.jpg
303,/home/upload/data/MP_2005_03_040_00.jpg
305,/home/upload/data/MP_2005_03_042_00.jpg
306,/home/upload/data/MP_2005_03_043_00.jpg
308,/home/upload/data/MP_2005_03_045_00.jpg
4,/home/upload/data/Observer%20Front.JPG
16,/home/upload/data/StPetersEpisc2005.jpg
309,/home/upload/data/T_2000_02_001_01.jpg
310,/home/upload/data/T_2000_02_002_02.jpg
311,/home/upload/data/T_2000_02_003_03.jpg
312,/home/upload/data/T_2000_02_004_04.jpg
313,/home/upload/data/T_2000_02_005_05.jpg
314,/home/upload/data/T_2000_02_006_06.jpg
315,/home/upload/data/T_2000_02_007_07.jpg
316,/home/upload/data/T_2000_02_008_08.jpg
317,/home/upload/data/T_2000_02_009_09.jpg
318,/home/upload/data/T_2000_02_010_10.jpg
319,/home/upload/data/T_2000_02_011_11.jpg
320,/home/upload/data/T_2000_02_012_12.jpg
321,/home/upload/data/T_2000_02_013_13.jpg
322,/home/upload/data/T_2000_02_014_14.jpg
323,/home/upload/data/T_2000_02_015_15.jpg
324,/home/upload/data/T_2000_02_016_16.jpg
325,/home/upload/data/T_2000_02_017_17.jpg
326,/home/upload/data/T_2000_02_018_18.jpg
327,/home/upload/data/T_2000_02_018_18_0.jpg
328,/home/upload/data/T_2000_02_018_18_0_0.jpg
329,/home/upload/data/T_2000_02_019_19.jpg
330,/home/upload/data/T_2000_02_020_20.jpg
331,/home/upload/data/T_2000_02_021_21.jpg
332,/home/upload/data/T_2000_02_022_22.jpg
333,/home/upload/data/T_2000_02_023_23.jpg
334,/home/upload/data/T_2000_02_024_24.jpg
335,/home/upload/data/T_2000_02_025_25.jpg
336,/home/upload/data/T_2000_02_026_26.jpg
337,/home/upload/data/T_2000_02_027_27.jpg
338,/home/upload/data/T_2000_02_028_28.jpg
339,/home/upload/data/T_2000_02_029_29.jpg
340,/home/upload/data/T_2000_02_030_30.jpg
341,/home/upload/data/T_2000_02_031_31.jpg
342,/home/upload/data/T_2000_02_032_32.jpg
284,/home/upload/data/T_2000_02_033_33.jpg
285,/home/upload/data/T_2000_02_034_34.jpg
286,/home/upload/data/T_2000_02_035_35.jpg
292,/home/upload/data/T_2000_02_041_41.jpg
287,/home/upload/data/T_2000_03_036_36.jpg
288,/home/upload/data/T_2000_03_037_37.jpg
289,/home/upload/data/T_2000_03_038_38.jpg
290,/home/upload/data/T_2000_03_039_39.jpg
291,/home/upload/data/T_2000_03_040_40.jpg